CREATE DATABASE IF NOT EXISTS bieren;
USE bieren;

DROP TABLE IF EXISTS brouwers;
CREATE TABLE brouwers (
  id int unsigned NOT NULL AUTO_INCREMENT,
  naam varchar(50) NOT NULL,
  adres varchar(50) NOT NULL,
  postcode smallint unsigned NOT NULL,
  gemeente varchar(50) NOT NULL,
  omzet int unsigned DEFAULT NULL,
  PRIMARY KEY (id) USING BTREE,
  KEY naam(naam)
) ENGINE=InnoDB AUTO_INCREMENT=127 DEFAULT CHARSET=latin1;

ALTER TABLE brouwers DISABLE KEYS;
INSERT INTO brouwers (id,naam,adres,postcode,gemeente,omzet) VALUES 
 (1,'Achouffe','Route du Village 32',6666,'Achouffe-Wibrin',10000),
 (2,'Alken','Stationstraat 2',3570,'Alken',950000),
 (3,'Ambly','Rue Principale 45',6953,'Ambly-Nassogne',500),
 (4,'Anker','Guido Gezellelaan 49',2800,'Mechelen',3000),
 (6,'Artois','Vaartstraat 94',3000,'Leuven',4000000),
 (8,'Bavik','Rijksweg 33',8531,'Bavikhove',110000),
 (9,'Belle Vue - Molenbeek','Henegouwenkaai 33',1080,'Sint-Jans-Molenbeek',NULL),
 (10,'Belle Vue - Zuun','Steenweg naar Bergen',1600,'Sint- Pieters-Leeuw',NULL),
 (11,'Belle Vue','Delaunoy-straat 58-60',1080,'Sint-Jans-Molenbeek',300000),
 (12,'Bie (De)','Stoppelweg 26',8978,'Watou',280),
 (13,'Binchoise','Faubourg St. Paul 38',7130,'Binche',700),
 (14,'Bios','Lindenlaan 25',9940,'Ertvelde',40000),
 (15,'Blaugies','Rue de la Frontiere 435',7370,'Blaugies',280),
 (17,'Bocq','Rue de la Brasserie 4',5530,'Purnode',60000),
 (18,'Boelens','Kerkstraat 7',9111,'Belsele',300),
 (19,'Boon','Fonteinstraat 65',1502,'Lembeek',2350),
 (20,'Bosteels','Kerkstraat 92',9255,'Buggenhout',50000),
 (21,'Brunehaut','Rue des Panneries 17',7623,'Brunehaut',3800),
 (22,'Cantillon','Gheudestraat 56',1070,'Anderlecht',850),
 (23,'Caracole','Cote Marie-Therese 86',5500,'Falmignoul',350),
 (24,'Caulier','Rue Sondeveille 134',7600,'Peruwelz',1500),
 (25,'Chimay','Rue de la Trappe 294',6464,'Forges-les-Chimay',100000),
 (26,'Clarysse','Krekelput 16-18',9700,'Oudenaarde',15000),
 (27,'Cnudde','Fabriekstraat 8',9700,'Eine',NULL),
 (28,'Contreras','Molenstraat 115',9890,'Gavere',2000),
 (29,'Crombe','Hospitaalstraat 10',9620,'Zottegem',1000),
 (30,'Deca','Elverdingestraat 4',8640,'Woesten-Vleteren',10000),
 (32,'Dolle Brouwers','Roeselarestraat 12b',8600,'Esen- Diksmuide',1200),
 (33,'Domus','Tiensestraat 8',3000,'Leuven',1000),
 (34,'Dool','Eikendreef 21',3530,'Helchteren',1500),
 (35,'Drie Fonteinen','H. Teirlinckplein 3',1650,'Beersel',180),
 (36,'Dubuisson','Chaussee de Mons 28',7904,'Pipaix',15840),
 (37,'Dupont','Rue Basse 5',7904,'Tourpes-Leuze',6000),
 (38,'Duwac','Rue des Rossignols 20',7700,'Mouscron',900),
 (39,'Duysters','Michel Theysstraat 58 a',3290,'Diest',NULL),
 (40,'Ellezelloise','Guinaumont 75',7890,'Ellezelles',1000),
 (41,'Eupener','Paveestrasse 12-14',4700,'Eupen',20000),
 (42,'Eylenbosch - Maes','Ninoofsesteenweg 5',1703,'Schepdaal',12000),
 (43,'Facon','Kwabrugstraat 27',8510,'Bellegem',8000),
 (44,'Fantome','Rue Preal 8',6997,'Soy',900),
 (45,'Ferme au Chene','Rue Comte d\'Ursel 36',6940,'Durbuy',100),
 (46,'Friart','Rue d\' Houdeng 20',7070,'Le Roeulx',18000),
 (47,'Gaverhopke','Steenbrugstraat 187',8530,'Harelbeke- Stasegem',800),
 (48,'Gigi','Grand rue 96',6769,'Gerouville',4000),
 (49,'Girardin','Lindenberg 10',1700,'Sint-Ulriks-Kapelle',3900),
 (50,'Gouden Boom','Langestraat 45',8000,'Brugge',20000),
 (51,'Haacht','Provinciesteenweg 28',3190,'Boortmeerbeek',1100000),
 (53,'Hanssens','Vroenenbosstraat 15',1653,'Dworp',500),
 (54,'Hopduvel','Coupure links 625',9000,'Gent',550),
 (55,'Hopperd','Matestraat 7',2230,'Ramsel',NULL),
 (56,'Huyghe','Brusselsesteenweg 282',9090,'Melle',50000),
 (57,'John Martin','Rue du Cerf 191',1332,'Genval',NULL),
 (58,'Jupiler','Rue de Vise 243',4020,'Jupille-sur-Meuse',2200000),
 (59,'K.I.H.O.','Gebroeders de Smetstraat 1',9000,'Gent',NULL),
 (60,'Keersmaeker (De)','Lierput 1',1730,'Kobbegem',60000),
 (62,'Koninck - Antwerpen (De)','Mechelsesteenweg 291',2018,'Antwerpen',140000),
 (64,'Lefebvre','Rue de Croly 54',1430,'Quenast',15000),
 (65,'Leroy','Diksmuideseweg 406',8904,'Boezinge',32000),
 (66,'Liefmans','Aalststraat 200',9700,'Oudenaarde',10000),
 (67,'Lindemans','Lenniksebaan 1479',1602,'Vlezenbeek',19000),
 (68,'Louwaege','Markt 14',8610,'Kortemark',22000),
 (69,'Maes','Waarloosveld 10',2550,'Waarloos',1150000),
 (70,'Martens','Reppelerweg 1',3950,'Bocholt',600000),
 (71,'Meesters','Hoogstraat 50',1570,'Galmaarden',160),
 (72,'Mibrana','Place de la station 2',5000,'Namur',380),
 (73,'Miroir','Koningin Astridplein 24-26',1090,'Jette',100),
 (74,'Moortgat','Breendonkdorp 58',2870,'Breendonk-Puurs',250000),
 (75,'Old Bailey','Kerkplein 5',8880,'St.-Eloois-Winkel',1200),
 (76,'Oleye','Rue d\'Elmette 39',4300,'Oleye-Waremme',200),
 (78,'Orval','Orval 2',6823,'Villers-devant-Orval',37000),
 (79,'Paeleman','Boekakker 1',9230,'Wetteren',350),
 (80,'Pakhuis','Vlaamse kaai 76',2000,'Antwerpen',1200),
 (81,'Palm','Steenhuffeldorp 3',1840,'Steenhuffel',530000),
 (82,'Pater Van Damme','Jacob Van Maerlantstraat 2',8340,'Damme',7),
 (83,'Praile','Rue de la Praile 3',7120,'Peissant',24),
 (84,'Proefbrouwerij','Smalle Heerweg 78',9080,'Lochristi',500),
 (85,'Ranke','Brugstraat 43',8560,'Wevelgem',100),
 (86,'Regenboog','Astridlaan 134',8310,'Assebroek-Brugge',NULL),
 (87,'Riva','Wontergemstraat 42',8720,'Dentergem',115000),
 (88,'Roberg','Rodebergstraat 46',8954,'Westouter',1000),
 (89,'Rochefort','Rue de l\'abbaye 8',5580,'Rochefort',15000),
 (90,'Rochefortoise','Rue du Treux 43b',5580,'Eprave',NULL),
 (91,'Rocs','Chaussee Brunehaut 37',7387,'Montignies-sur-Roc',500),
 (92,'Rodenbach','Spanjestraat 133',8800,'Roeselare',150000),
 (93,'Roman','Hauwaert 61',9700,'Oudenaarde-Mater',100000),
 (94,'Ruwet','Rue Victor Besme 27',4800,'Verviers',100),
 (95,'Ryck (De)','Kerkstraat 28',9550,'Herzele',6000),
 (96,'Schuur','Gobbelsrode 75',3220,'Kortrijk-Dutsel',NULL),
 (97,'Silenrieux','Rue Noupre 1',5630,'Silenrieux',500),
 (98,'Silly','Ville Basse A 141',7830,'Silly',12000),
 (99,'Slaghmuylder','Denderhoutembaan 2',9400,'Ninove',6500),
 (100,'Smedt (De)','Ringlaan 18',1745,'Opwijk',50000),
 (101,'St. Bernardus','Trappistenweg 23',8978,'Watou',13000),
 (102,'St. Guibert','Rue de Riquau 1',1435,'Mont-Saint-Guibert',350000),
 (103,'St. Jozef','Itterplein 19',3960,'Opitter',65000),
 (104,'Steedje','Schoolstraat 45b',8460,'Ettelgem',1000),
 (105,'Sterkens','Meerdorp 20',2321,'Meer',8613),
 (106,'Straffe Hendrik','Walplein 26',8000,'Brugge',5800),
 (107,'Strubbe','Markt 1',8480,'Ichtegem',20000),
 (108,'Timmermans','Kerkstraat 11',1701,'Itterbeek',10000),
 (109,'Tour','Rue Chera 9',4180,'Comblain-la-Tour',240),
 (110,'Troch (De)','Langestraat 20',1741,'Ternat-Wambeek',3500),
 (111,'Union','Rue Derbeque 7',6040,'Jumet',200000),
 (112,'Van Den Bossche','Sint-Lievensplein 16',9550,'Sint- Lievens-Esse',1700),
 (113,'Van Eecke','Douvieweg 2',8978,'Watou',10000),
 (114,'Van Honsebrouck','Oostrozebekestraat 43',8770,'Ingelmunster',80000),
 (115,'Vander Linden','Brouwerijstraat 2',1500,'Halle',2000),
 (116,'Vandervelden Henri','Laarheidestraat 230',1650,'Beersel',500),
 (117,'Vapeur','Rue de Marechal 1',7904,'Pipaix-Leuze',1000),
 (118,'Verhaeghe','Beukenhofstraat 96',8570,'Vichte',7200),
 (119,'Vervifontaine','xxx',0,'fontaine-Jalhay',NULL),
 (120,'Villers','Liezeledorp 37',2870,'Liezele-Puurs',1450),
 (121,'Walrave','Lepelstraat 36',9270,'Laarne',2500),
 (122,'Weldebroec','Mechelse Steenweg 53',2830,'Willebroek',800),
 (123,'Westmalle','Antwerpsesteenweg 496',2390,'Malle',125000),
 (124,'Westvleteren','Donkerstraat 12',8640,'Westvleteren',4000),
 (125,'Wieze','Nieuwstraat 1',9280,'Wieze',120000),
 (126,'Zwingel','Damweg 6',8530,'Harelbeke',250);
ALTER TABLE `brouwers` ENABLE KEYS;

DROP TABLE IF EXISTS soorten;
CREATE TABLE soorten (
  id int unsigned NOT NULL AUTO_INCREMENT,
  naam varchar(50) NOT NULL,
  PRIMARY KEY (id) USING BTREE,
  KEY naam (naam)
) ENGINE=InnoDB AUTO_INCREMENT=66 DEFAULT CHARSET=latin1;

ALTER TABLE soorten DISABLE KEYS;
INSERT INTO soorten(id,naam) VALUES 
 (2,'Alcoholarm'),
 (3,'Alcoholvrij'),
 (4,'Ale'),
 (5,'Alt'),
 (6,'Amber'),
 (8,'Bierette'),
 (11,'Bitter'),
 (12,'Donkerbok'),
 (13,'Dort'),
 (14,'Dubbel Donker'),
 (15,'Edelbier'),
 (18,'Extra'),
 (19,'Faro'),
 (21,'Gerstewijn'),
 (22,'Geuze'),
 (25,'Helderbok'),
 (26,'IJsbier'),
 (31,'Lambik'),
 (33,'Lichtblond'),
 (34,'Light'),
 (35,'Mars'),
 (36,'Massieve Ale'),
 (42,'Pils'),
 (44,'Rookbier'),
 (45,'Saison'),
 (46,'Scotch'),
 (49,'Stout'),
 (51,'Tafelbier'),
 (53,'Tarwebier of witbier'),
 (54,'Traditionele Faro'),
 (55,'Traditionele Geuze'),
 (56,'Traditionele Lambik'),
 (59,'Tripel'),
 (60,'Versnijbier'),
 (61,'Vlaams Bruin'),
 (62,'Vlaams Rood'),
 (64,'West-Vlaamse Geuze'),
 (65,'West-Vlaamse spontane Geuze');
ALTER TABLE `soorten` ENABLE KEYS;

DROP TABLE IF EXISTS bieren;
CREATE TABLE bieren (
  id int unsigned NOT NULL AUTO_INCREMENT,
  naam varchar(100) NOT NULL,
  brouwerid int unsigned NOT NULL,
  soortid int unsigned NOT NULL,
  alcohol decimal(10,2) unsigned DEFAULT NULL,
  verkochtsinds date NOT NULL,
  PRIMARY KEY (id) USING BTREE,
  KEY FK_bieren_brouwers(brouwerid),
  KEY FK_bieren_soorten(soortid),
  KEY naam(naam),
  CONSTRAINT FK_bieren_soorten FOREIGN KEY (soortid) REFERENCES soorten(id),
  CONSTRAINT FK_bieren_brouwers FOREIGN KEY (brouwerid) REFERENCES brouwers(id)
) ENGINE=InnoDB AUTO_INCREMENT=1544 DEFAULT CHARSET=latin1 COMMENT='³';

ALTER TABLE bieren DISABLE KEYS;
INSERT INTO bieren(id,naam,brouwerid,soortid,alcohol,verkochtsinds) VALUES 
 (4,'A.C.O.',104,18,'7.00','1990-05-05'),
 (5,'Aalbeeks St. Corneliusbier  (=Kapittel pater (Het))',113,18,'6.50','1990-06-06'),
 (7,'Aardbeien witbier',56,53,'2.50','1990-08-08'),
 (8,'Aarschots kruikenbier (=St. Sebastiaan grand cru)',105,15,'7.60','1990-09-09'),
 (10,'Abt Bijbier (Nen)',33,18,'7.00','1990-11-11'),
 (11,'Adler',51,42,'6.75','1990-12-12'),
 (12,'Aerts 1900',81,14,'7.00','1991-01-13'),
 (13,'Affligem blond (Abdij)',100,33,'7.00','1991-02-14'),
 (14,'Affligem christmas ale (Abdij)',100,36,'9.00','1991-03-15'),
 (15,'Affligem dubbel (Abdij)',100,14,'7.00','1991-04-16'),
 (16,'Affligem patersvat',100,33,'7.00','1991-05-17'),
 (17,'Affligem tripel (Abdij)',100,59,'8.50','1991-06-18'),
 (18,'Akila pilsener',68,42,5,'1991-07-19'),
 (20,'Aldegonde brune',72,36,'8.50','1991-09-21'),
 (21,'Aldegonde cuvee',72,15,'7.50','1991-10-22'),
 (22,'Aldegonde speciale',72,36,'8.50','1991-11-23'),
 (23,'Ale brau (=Vega pils)',58,42,'5.00','1991-12-24'),
 (24,'Alexander Rodenbach',92,62,'6.00','1992-01-25'),
 (25,'Alfa (=Huyghe blond)',56,51,'2.00','1992-02-26'),
 (26,'Alfri',93,2,'0.80','1992-03-27'),
 (27,'Alken faro',2,51,'1.30','1992-04-28'),
 (28,'Alken faro',69,51,'1.30','1992-05-29'),
 (29,'Alken special blonde',2,51,'1.40','1992-06-30'),
 (30,'Alken special blonde',69,51,'1.40','1990-01-01'),
 (31,'Alken-Maes export',69,42,'4.50','1990-02-02'),
 (32,'All Black',21,18,'6.00','1990-03-03'),
 (34,'Ambiorix dubbel',99,14,'8.00','1990-05-05'),
 (38,'Amelie',76,15,'8.00','1990-09-09'),
 (39,'Amelie cerise',76,18,'6.20','1990-10-10'),
 (40,'Amuzantje (=Lamoral Degmont)',112,15,'8.00','1990-11-11'),
 (41,'Anglo pils',2,42,'4.80','1990-12-12'),
 (42,'Ankerpils (=Wieze pils)',125,42,'5.00','1991-01-13'),
 (43,'Anpavi (=Mengsel La Folie/Saison de Pipaix)',117,15,'7.50','1991-02-14'),
 (48,'Anvinoise  (=Beloeil (La biere de))',37,15,'8.50','1991-07-19'),
 (49,'Arabier',32,11,'8.00','1991-08-20'),
 (51,'Ardenne blonde (Biere d\')',21,15,'8.00','1991-10-22'),
 (52,'Argus pils (=Premium pilsener)',70,42,'5.00','1991-11-23'),
 (53,'Argus witte (=Limburgse witte)',103,53,'5.00','1991-12-24'),
 (54,'Arjaun (=Lamoral Degmont)',112,15,'8.00','1992-01-25'),
 (55,'Aro pils (=Haacht pils)',51,42,'4.70','1992-02-26'),
 (58,'Arsouye blonde  (=St. Benoit blonde)',17,33,'6.50','1992-05-29'),
 (59,'Arsouye brune  (=St. Benoit brune (brassin special))',17,36,'8.50','1992-06-30'),
 (60,'Artevelde',56,6,'5.70','1990-01-01'),
 (61,'Artevelde grand cru',56,33,'6.70','1990-02-02'),
 (62,'Artevelde grand cru op gist',56,33,'7.00','1990-03-03'),
 (63,'Artevelde op gist',56,18,'7.00','1990-04-04'),
 (64,'Artisan reuzebier',29,15,'8.30','1990-05-05'),
 (65,'Astor',56,15,'8.00','1990-06-06'),
 (66,'Atlas (=Vega pils)',58,42,'5.00','1990-07-07'),
 (68,'Augustijn',14,15,'8.00','1990-09-09'),
 (69,'Augustijn grand cru',14,21,'9.00','1990-10-10'),
 (70,'Aulne 6 sur lie (Abbaye d\')',100,14,'6.00','1990-11-11'),
 (71,'Aulne 8 selection (Abbaye d\')',100,14,'8.00','1990-12-12'),
 (72,'Aulne 10 superbe (Abbaye d\')',100,36,'10.00','1991-01-13'),
 (73,'Aulne blonde des peres (Abbaye d\')',100,33,'7.00','1991-02-14'),
 (74,'Aulne super noel (Abbaye d\')',100,14,'7.00','1991-03-15'),
 (75,'Aulne triple (Abbaye d\')',100,59,'9.00','1991-04-16'),
 (77,'Autreppe (Special)',91,21,'9.00','1991-06-18'),
 (78,'Auveloise (=Bonne Esperance (Abbaye de))',64,15,'8.00','1991-07-19'),
 (79,'Bacchus',114,62,'4.50','1991-08-20'),
 (80,'Bakelandt (=Poperings hommelbier)',113,15,'7.50','1991-09-21'),
 (81,'Balens kruierke',56,18,'6.20','1991-10-22'),
 (82,'Ballotil  (=Mengsel La Folie/Saison de Pipaix)',117,15,'7.50','1991-11-23'),
 (84,'Baptiste (=Riva triple abdij)',87,15,'7.20','1992-01-25'),
 (85,'Barbar',64,15,'8.00','1992-02-26'),
 (86,'Bass pale ale',6,4,'5.20','1992-03-27'),
 (87,'Bastions cuvee speciale (Les)',21,18,'7.00','1992-04-28'),
 (89,'Bavaro',51,51,'3.40','1992-06-30'),
 (90,'Bavik dinner beer blond',8,51,'1.70','1990-01-01'),
 (91,'Bavik dinner beer faro',8,51,'1.70','1990-02-02'),
 (92,'Bavik export',8,42,'5.00','1990-03-03'),
 (93,'Bavik premium pils',8,42,'5.50','1990-04-04'),
 (94,'Bavik triple bock',8,51,'2.80','1990-05-05'),
 (95,'Bavik witbier',8,53,'5.00','1990-06-06'),
 (97,'Becasse framboise lambic  (=Belle Vue frambozen)',11,22,'5.20','1990-08-08'),
 (98,'Becasse gueuze lambic  (=Belle Vue gueuze)',11,22,'5.20','1990-09-09'),
 (99,'Becasse kriek  (=Belle Vue kriek)',11,22,'5.20','1990-10-10'),
 (100,'Becasse kriek primeur \'96',11,22,'5.00','1990-11-11'),
 (101,'Becasse lambik  (=De Neve lambik)',9,31,'5.00','1990-12-12'),
 (102,'Bel pils',74,42,'5.30','1991-01-13'),
 (103,'Belgian ale traditional gueuze',19,22,'6.00','1991-02-14'),
 (105,'Belgo (=Dupont biologique (Saison))',37,18,'5.50','1991-04-16'),
 (106,'Bell christmas',93,14,'8.00','1991-05-17'),
 (108,'Belle Vue framboise',11,22,'5.20','1991-07-19'),
 (109,'Belle Vue frambozenlambik',9,56,'5.00','1991-08-20'),
 (110,'Belle Vue gueuze',11,22,'5.20','1991-09-21'),
 (111,'Belle Vue kriek',11,22,'5.20','1991-10-22'),
 (112,'Belle Vue kriek L.A.',11,22,'1.20','1991-11-23'),
 (113,'Belle Vue kriekenlambik',9,56,'5.00','1991-12-24'),
 (114,'Belle Vue lambik',9,56,'5.00','1992-01-25'),
 (115,'Belle Vue Selection Lambic gueuze',9,55,'5.20','1992-02-26'),
 (117,'Bellegems witbier',43,53,'5.00','1992-04-28'),
 (118,'Beloeil (La biere de)',37,15,'8.50','1992-05-29'),
 (119,'Belseels kerstbier',18,14,'8.00','1992-06-30'),
 (120,'Berenbier/Biere des Ours',13,36,'8.50','1990-01-01'),
 (121,'Bergenbrau',6,42,'4.30','1990-02-02'),
 (122,'Bergeotte normale  (=Regal (Saison))',17,18,'6.00','1990-03-03'),
 (123,'Bergeotte speciale  (=St. Benoit brune (brassin special))',17,15,'8.50','1990-04-04'),
 (124,'Beselaars Heksenbier (=Poperings hommelbier)',113,15,'7.50','1990-05-05'),
 (125,'Bieken',18,15,'8.50','1990-06-06'),
 (127,'Bier voor Vader \"A\"',14,42,'5.00','1990-08-08'),
 (128,'Bier voor Vader \"D\"',14,42,'5.00','1990-09-09'),
 (129,'Bier voor Vader \"E\"',14,42,'5.00','1990-10-10'),
 (130,'Bier voor Vader \"R\"',14,42,'5.00','1990-11-11'),
 (131,'Bier voor Vader \"V\"',14,42,'5.00','1990-12-12'),
 (132,'Biertoren blond',56,51,NULL,'1991-01-13'),
 (133,'Biertoren bruno',56,51,'1.50','1991-02-14'),
 (134,'Biertoren special',56,51,'1.50','1991-03-15'),
 (135,'Big Chouffe (=Chouffe )',1,15,'8.00','1991-04-16'),
 (136,'Billekarreke (=Riva triple abdij)',87,15,'7.20','1991-05-17'),
 (137,'Bilzers bruin',103,14,'7.50','1991-06-18'),
 (138,'Binchoise blonde  (=St. Benoit blonde)',17,33,'6.50','1991-07-19'),
 (139,'Binchoise brune  (=St. Benoit brune (brassin special))',17,36,'8.50','1991-08-20'),
 (140,'Binchoise special noel',13,21,'9.00','1991-09-21'),
 (143,'Bios blond',14,51,'2.40','1991-12-24'),
 (144,'Bios bruin',14,51,'2.40','1992-01-25'),
 (145,'Bios Vlaamse bourgogne',14,62,'5.50','1992-02-26'),
 (146,'Bisounette  (=St. Benoit brune)',17,18,'6.50','1992-03-27'),
 (147,'Black Gosh',44,15,'8.00','1992-04-28'),
 (150,'Bleeken Moriaen (=Kapittel abt (Het))',113,21,'10.00','1990-01-01'),
 (155,'Blok-bok (Nen)',33,12,'7.00','1990-06-06'),
 (156,'Blondine',54,15,'8.00','1990-07-07'),
 (157,'Boals kruikenbier triple (=St. Sebastiaan grand cru)',105,59,'7.60','1990-08-08'),
 (159,'Bock premium pils',81,42,'5.40','1990-10-10'),
 (160,'Bockhauser pils (=Haacht pils)',51,42,'4.70','1990-11-11'),
 (166,'Boeg pils',70,42,'5.00','1991-05-17'),
 (167,'Bois Bouquet (Trappiste du)',91,36,'9.00','1991-06-18'),
 (168,'Bokkereyer',103,6,'5.80','1991-07-19'),
 (169,'Bokrijk hoevebier 6',105,18,'6.00','1991-08-20'),
 (170,'Bokrijk hoevebier 8',105,15,'8.00','1991-09-21'),
 (171,'Bokrijks kruikenbier',105,15,'7.20','1991-10-22'),
 (172,'Bol d\'or',39,33,'5.20','1991-11-23'),
 (173,'Bonde (Biere de la) (=Kapittel abt (Het))',113,21,'10.00','1991-12-24'),
 (174,'Bonne Esperance (Abbaye de)',64,15,'8.00','1992-01-25'),
 (175,'Bons voeux (Avec les -- de la brasserie)',37,21,'9.50','1992-02-26'),
 (176,'Boon frambozenbier',19,55,'6.00','1992-03-27'),
 (177,'Boon frambozenbier 1986',19,55,'6.00','1992-04-28'),
 (178,'Boon geuze',19,55,'6.00','1992-05-29'),
 (179,'Boon geuze mariage parfait',19,55,'6.00','1992-06-30'),
 (180,'Boon kriek',19,55,'5.00','1990-01-01'),
 (181,'Boon kriek mariage parfait',19,55,'6.00','1990-02-02'),
 (182,'Boon lambik',19,56,'6.00','1990-03-03'),
 (184,'Bornem dubbel',14,14,'8.00','1990-05-05'),
 (185,'Bornem tripel',14,59,'9.00','1990-06-06'),
 (186,'Bosbier',103,18,'5.00','1990-07-07'),
 (187,'Boskeun',32,33,'7.00','1990-08-08'),
 (188,'Bosquetia',17,14,'7.50','1990-09-09'),
 (189,'Boucanier (Biere du) (=Piraat)',14,21,'10.50','1990-10-10'),
 (190,'Bourgogne des Flandres',108,60,'6.50','1990-11-11'),
 (191,'Bousval blonde speciale (=Floreffe blonde)',64,33,'7.00','1990-12-12'),
 (192,'Bousval brune speciale (=Floreffe double)',64,14,'7.00','1991-01-13'),
 (193,'Boxer christmas beer (=Affligem christmas ale)',100,36,'9.00','1991-02-14'),
 (196,'Brave Broeder (=Super 64)',98,18,'5.00','1991-05-17'),
 (197,'Brigand',114,21,'9.00','1991-06-18'),
 (198,'Brigand christmas',114,21,'9.00','1991-07-19'),
 (199,'Brogne donker (Abbaye de) (=Affligem dubbel (Abdij))',100,14,'7.00','1991-08-20'),
 (200,'Brogne triple (Abbaye de) (=Affligem tripel (Abdij))',100,59,'8.50','1991-09-21'),
 (201,'Broqueroise de l\'abbaye de St. Denis  (=Moinette blonde)',37,15,'8.50','1991-10-22'),
 (202,'Brouwers van de Dijle (De) (=Lamot pilsor)',6,42,'5.20','1991-11-23'),
 (204,'Brouwmeester alcohol vrij bier',2,2,'0.40','1992-01-25'),
 (205,'Brouwmeester pilsener',70,42,'5.00','1992-02-26'),
 (207,'Brug ale Belge',98,6,'5.00','1992-04-28'),
 (209,'Brugs tarwebier',50,53,'5.00','1992-06-30'),
 (210,'Brugse straffe Hendrik',106,33,'6.50','1990-01-01'),
 (211,'Brugse tripel',50,59,'9.50','1990-02-02'),
 (213,'Brunehaut tradition amber',21,18,'6.50','1990-04-04'),
 (214,'Brunehaut villages blond',21,33,'6.50','1990-05-05'),
 (215,'Brunette',54,36,'9.00','1990-06-06'),
 (216,'Bruocsella 1900 grand cru',22,56,'5.00','1990-07-07'),
 (218,'Brussels gold (=Pax pils)',103,42,'5.00','1990-09-09'),
 (219,'Brussels white (=Limburgse witte)',103,53,'5.00','1990-10-10'),
 (220,'Brusselse witte (=Student)',64,53,'4.50','1990-11-11'),
 (221,'Bruyere blonde  (=Fakir)',13,33,'6.80','1990-12-12'),
 (222,'Bruyere brune  (=Reserve Marie de Hongrie)',13,36,'8.70','1991-01-13'),
 (223,'Bruynen Moriaen (=Kapittel prior (Het))',113,36,'9.00','1991-02-14'),
 (224,'Buffalo',112,14,'5.00','1991-03-15'),
 (225,'Bumke (=Pater Lieven)',112,14,'5.50','1991-04-16'),
 (227,'Bush beer',36,21,'12.00','1991-06-18'),
 (228,'Bush beer 7',36,15,'7.50','1991-07-19'),
 (229,'Bush de Noel',36,21,'12.00','1991-08-20'),
 (230,'Buxus blonde  (=Fakir)',13,33,'6.80','1991-09-21'),
 (231,'Buxus brune  (=Reserve Marie de Hongrie)',13,36,'8.70','1991-10-22'),
 (232,'C.T.S. Scotch',6,46,'7.50','1991-11-23'),
 (233,'Cambrinus',118,6,'4.90','1991-12-24'),
 (234,'Campagnarde  brune',83,36,'9.50','1992-01-25'),
 (235,'Campbell\'s christmas',6,46,'8.30','1992-02-26'),
 (236,'Campbell\'s scotch',6,46,'6.80','1992-03-27'),
 (238,'Campus',56,33,'7.00','1992-05-29'),
 (239,'Campus gold',56,33,'6.00','1992-06-30'),
 (240,'Canebiere',44,15,'8.00','1990-01-01'),
 (241,'Cantillon faro',22,54,'5.00','1990-02-02'),
 (242,'Cantillon kriek',22,55,'5.00','1990-03-03'),
 (243,'Cantillon kriek lambik',22,56,'5.00','1990-04-04'),
 (244,'Cantillon lambik',22,56,'5.00','1990-05-05'),
 (245,'Cantillon super gueuze',22,55,'5.00','1990-06-06'),
 (246,'Cara pils',69,42,'5.00','1990-07-07'),
 (247,'Caracole ambree',23,18,'7.00','1990-08-08'),
 (249,'Caracole brune',23,14,'7.00','1990-10-10'),
 (250,'Caramel biere de table',41,51,'1.50','1990-11-11'),
 (252,'Carioca classic',56,18,'5.00','1991-01-13'),
 (253,'Carnav-ale (kruik) (=St. Sebastiaan grand cru)',105,15,'7.60','1991-02-14'),
 (254,'Caves',118,18,'5.50','1991-03-15'),
 (255,'Caza cuvee speciale (=Mengsel La Folie/Saison de Pipaix)',117,15,'7.50','1991-04-16'),
 (256,'Celis pale bock',100,25,'5.50','1991-05-17'),
 (258,'Celis white',100,53,'5.00','1991-07-19'),
 (260,'Cervesia',37,15,'8.50','1991-09-21'),
 (261,'Cervoise de l\'Avouerie d\'Anthisnes (=Silly (Saison))',98,18,'5.00','1991-10-22'),
 (262,'Cervoise de l\'Ecluse blonde  (=Fakir)',13,33,'6.80','1991-11-23'),
 (263,'Cervoise de l\'Ecluse brune  (=Reserve Marie de Hongrie)',13,36,'8.70','1991-12-24'),
 (264,'Cervoise de Leptines (=Beloeil (La biere de))',37,15,'8.50','1992-01-25'),
 (265,'Cervoise de St. Gery  (=Moinette blonde)',37,15,'8.50','1992-02-26'),
 (266,'Cervoise des Ancetres grand cru (=St. Sebastiaan grand cru)',105,15,'7.60','1992-03-27'),
 (267,'Cervoise des Francs-Gaulois  (=Moinette blonde)',37,15,'8.50','1992-04-28'),
 (268,'Cezarken',29,18,'5.50','1992-05-29'),
 (269,'Chapeau abricot lambic',110,31,'3.00','1992-06-30'),
 (270,'Chapeau exotic',110,31,'3.00','1990-01-01'),
 (271,'Chapeau faro',110,19,'4.75','1990-02-02'),
 (272,'Chapeau fraises lambic',110,31,'3.00','1990-03-03'),
 (273,'Chapeau framboise',110,31,'3.00','1990-04-04'),
 (274,'Chapeau gueuze',110,22,'5.50','1990-05-05'),
 (275,'Chapeau kriek',110,31,'3.00','1990-06-06'),
 (276,'Chapeau mirabelle',110,31,'3.00','1990-07-07'),
 (277,'Chapeau peche',110,31,'3.00','1990-08-08'),
 (278,'Chapeau tropical',110,31,'3.00','1990-09-09'),
 (281,'Charlemagne (=Delirium Tremens)',56,21,'9.00','1990-12-12'),
 (282,'Charleroi (Blanche de)',21,53,'7.00','1991-01-13'),
 (283,'Charles Quint',51,14,'7.00','1991-02-14'),
 (284,'Chateau Saint-Henri Cuvee speciale',72,53,'4.50','1991-03-15'),
 (285,'Chimay blauw',25,36,'9.00','1991-04-16'),
 (286,'Chimay cinq cents (=Chimay wit)',25,15,'8.00','1991-05-17'),
 (287,'Chimay grande reserve (=Chimay blauw)',25,36,'9.00','1991-06-18'),
 (288,'Chimay premiere (=Chimay rood)',25,14,'7.00','1991-07-19'),
 (289,'Chimay rood',25,14,'7.00','1991-08-20'),
 (290,'Chimay wit',25,15,'8.00','1991-09-21'),
 (291,'Chouffe',1,15,'8.00','1991-10-22'),
 (292,'Chouffe-bok 6666',1,12,'6.66','1991-11-23'),
 (293,'Christmas-Beer',29,15,'8.00','1991-12-24'),
 (294,'Ciney blonde',111,33,'7.00','1992-01-25'),
 (295,'Ciney brune',111,14,'7.00','1992-02-26'),
 (296,'Ciney speciale',111,21,'9.00','1992-03-27'),
 (301,'Clermontoise  (=Ploquette )',94,15,'7.50','1990-02-02'),
 (302,'Club de Stella Artois',6,42,'5.90','1990-03-03'),
 (303,'Cnudde kriek',27,61,'4.70','1990-04-04'),
 (304,'Cnudde Oudenaards bruin',27,61,'4.70','1990-05-05'),
 (305,'Cochonette',117,21,'9.50','1990-06-06'),
 (306,'Con Domus (Nen)',33,11,'5.00','1990-07-07'),
 (307,'Contra-pils',28,42,'4.80','1990-08-08'),
 (308,'Contreras martzen bier',28,35,'5.80','1990-09-09'),
 (309,'Coq Hardi biere blonde de luxe',51,42,'4.80','1990-10-10'),
 (310,'Coq Hardi biere bock',51,51,'3.40','1990-11-11'),
 (311,'Coq Hardi pils (=Haacht pils)',51,42,'4.70','1990-12-12'),
 (312,'Coq Hardi speciale',51,42,'6.00','1991-01-13'),
 (314,'Corsaire biere rouge (Biere du)',56,18,'7.00','1991-03-15'),
 (316,'Corsendonk Agnus (=Moine (triple))',17,15,'8.00','1991-05-17'),
 (317,'Corsendonk Pater (=Bornem dubbel)',14,14,'8.00','1991-06-18'),
 (318,'Couckelaerschen Doedel',107,18,'6.00','1991-07-19'),
 (320,'Coy\'Heimsen (=Kapittel pater (Het))',113,18,'6.50','1991-09-21'),
 (321,'Crack pils (=Sas pils)',65,42,'4.70','1991-10-22'),
 (322,'Cristal Alken',2,42,'4.80','1991-11-23'),
 (323,'Crupetoise  (=St. Benoit brune)',17,18,'6.50','1991-12-24'),
 (324,'Cubana \'59',57,18,'4.50','1992-01-25'),
 (327,'Cuvee 100 ans Domaine du Bois d\'Anchin',91,21,'9.00','1992-04-28'),
 (328,'Cuvee Chateau des Flandres',54,14,'8.00','1992-05-29'),
 (329,'Cuvee d\'Aristee - biere au miel',83,21,'9.50','1992-06-30'),
 (330,'Cuvee d\'Aristee speciale noel',83,36,'9.50','1990-01-01'),
 (332,'Cuvee de Briqville (=Augustijn)',14,15,'8.00','1990-03-03'),
 (333,'Cuvee de Francorchamps (=Bonne Esperance (Abbaye de))',64,15,'8.00','1990-04-04'),
 (334,'Cuvee De Koninck',62,15,'7.70','1990-05-05'),
 (335,'Cuvee de l\'An Neuf',23,49,'8.50','1990-06-06'),
 (336,'Cuvee de l\'Ascension blonde (=Floreffe blonde)',64,33,'7.00','1990-07-07'),
 (337,'Cuvee de l\'Ermitage',111,14,'7.23','1990-08-08'),
 (338,'Cuvee de l\'Ermitage christmas',111,14,'7.50','1990-09-09'),
 (340,'Cuvee de la Gate',44,18,'6.50','1990-11-11'),
 (341,'Cuvee de la Pucelette (=Floreffe blonde)',64,18,'7.00','1990-12-12'),
 (343,'Cuvee de la Vieille Auberge (=Fagnes (Blonde des))',119,15,'8.00','1991-02-14'),
 (344,'Cuvee de Namur blonde',56,15,'7.30','1991-03-15'),
 (345,'Cuvee de Namur brune',56,14,'6.70','1991-04-16'),
 (349,'Cuvee de Winamplanche (=Mengsel La Folie/Saison de Pipaix)',117,15,'7.50','1991-08-20'),
 (350,'Cuvee de\'l Sin Djosef',44,15,'8.00','1991-09-21'),
 (351,'Cuvee des Flandres triple',56,59,'7.00','1991-10-22'),
 (352,'Cuvee des moissons blonde (=Vapeur en folie )',117,15,'8.00','1991-11-23'),
 (353,'Cuvee des tietes de pipes blonde (=Fakir)',13,33,'6.80','1991-12-24'),
 (354,'Cuvee des tietes de pipes brune (=Reserve Marie de Hongrie)',13,36,'8.70','1992-01-25'),
 (356,'Cuvee du P\'tit Lu (=Regal (Saison))',17,18,'6.00','1992-03-27'),
 (359,'Cuvee du Spartacus blonde (=Floreffe blonde)',64,33,'7.00','1992-06-30'),
 (360,'Cuvee du Spartacus brune (=Floreffe double)',64,14,'7.00','1990-01-01'),
 (361,'Cuvee du Tcheste (=Mc Chouffe)',1,15,'8.50','1990-02-02'),
 (362,'Cuvee du Tronquoy (=Pipaix (Saison de))',117,18,'6.50','1990-03-03'),
 (364,'Cuvee Jean d\'Avesnes ambree',91,21,'9.00','1990-05-05'),
 (365,'Cuvee Jean d\'Avesnes blanche',91,21,'9.00','1990-06-06'),
 (366,'Cuvee Li Crochon (=St. Benoit brune (brassin special))',17,15,'8.50','1990-07-07'),
 (367,'Cuvee Melletoise (=Floreffe blonde)',64,18,'7.00','1990-08-08'),
 (369,'Cuvee Rene grand cru (=Lindemans gueuze gefilterd)',67,22,'5.00','1990-10-10'),
 (370,'Cuvee Saint. Roch (=Soleilmont double)',64,18,'6.20','1990-11-11'),
 (371,'Cuvee speciale blanche des Bastions',21,53,'5.00','1990-12-12'),
 (373,'Cuvee speciale du 80e (=Mengsel La Folie/Saison de Pipaix)',117,15,'7.50','1991-02-14'),
 (376,'Cuvee speciale Patro Salette (=Mengsel La Folie/Saison de Pipaix)',117,15,'7.50','1991-05-17'),
 (377,'Cuvee St-Francois Xavier',72,15,'7.50','1991-06-18'),
 (379,'Cuvee St. Berthuin (=Floreffe blonde)',64,18,'7.00','1991-08-20'),
 (380,'Cuvee St. Hadelin blonde (=St. Benoit blonde)',17,33,'6.50','1991-09-21'),
 (381,'Cuvee St. Hadelin brune (=St. Benoit brune)',17,14,'6.50','1991-10-22'),
 (387,'Daens',113,15,'7.50','1992-04-28'),
 (388,'Daiselnaere (=Steenbrugge (Abdij))',50,18,'6.50','1992-05-29'),
 (389,'Darbyste (Biere)',15,14,'5.80','1992-06-30'),
 (390,'De Koninck',62,6,'5.00','1990-01-01'),
 (392,'De Koninck gueuze (=De Neve gueuze ongefilterd)',11,55,'5.20','1990-03-03'),
 (393,'De Koninck kriek (=De Neve kriek)',11,55,'5.20','1990-04-04'),
 (395,'De Neve frambozen',11,22,'5.20','1990-06-06'),
 (396,'De Neve gueuze gefilterd',11,22,'5.20','1990-07-07'),
 (397,'De Neve gueuze ongefilterd',11,55,'5.20','1990-08-08'),
 (398,'De Neve kriek',11,22,'5.20','1990-09-09'),
 (399,'De Neve lambik',9,56,'5.00','1990-10-10'),
 (400,'De Ryck (Special)',95,33,'4.20','1990-11-11'),
 (401,'De Ryck christmas pale ale',95,6,'4.70','1990-12-12'),
 (402,'De Ryck kriek',95,18,'4.70','1991-01-13'),
 (403,'De Troch gueuze ongefilterd',110,55,'5.50','1991-02-14'),
 (404,'Deca Lux pils',30,42,NULL,'1991-03-15'),
 (405,'Deins paasbier',112,14,'8.00','1991-04-16'),
 (406,'Delhaize blond tafelbier (=Piedboeuf blonde)',58,51,NULL,'1991-05-17'),
 (407,'Delhaize bruin tafelbier (=Piedboeuf dubbel - foncee)',58,51,NULL,'1991-06-18'),
 (408,'Delhaize christmas (=Affligem christmas ale (Abdij))',100,36,'9.00','1991-07-19'),
 (409,'Delhaize wit bier',100,53,'5.00','1991-08-20'),
 (410,'Delirium Tremens',56,21,'9.00','1991-09-21'),
 (411,'Dentergems witbier - Riva blanche',87,53,'5.00','1991-10-22'),
 (412,'Derby blond (=Piedboeuf blonde)',58,51,'1.70','1991-11-23'),
 (413,'Derby bruin (=Piedboeuf dubbel - foncee)',58,51,'1.70','1991-12-24'),
 (414,'Derby pils (=Haacht pils)',51,42,'4.70','1992-01-25'),
 (415,'Deugniet (=Moine (triple))',17,15,'8.00','1992-02-26'),
 (416,'Dieleghem ambree (Abbaye de)',64,6,'6.50','1992-03-27'),
 (417,'Dieleghem blonde (Abbaye de) (=Floreffe blonde)',64,33,'7.00','1992-04-28'),
 (418,'Dieleghem foncee (Abbaye de) (=Floreffe double)',64,14,'7.00','1992-05-29'),
 (419,'Dikke Mathile',107,18,'6.00','1992-06-30'),
 (420,'Dikkenek',100,14,'5.10','1990-01-01'),
 (421,'Dirk Martensbier (=Bornem tripel)',14,59,'9.00','1990-02-02'),
 (422,'Divine',98,36,'9.50','1990-03-03'),
 (423,'Dobbelken (=Ichtegem\'s oud bruin)',107,62,'4.90','1990-04-04'),
 (424,'Dolmenius (=St. Benoit blonde)',17,18,'6.50','1990-05-05'),
 (425,'Domaine du bois d\'Anchin',91,21,'9.00','1990-06-06'),
 (426,'Domein bleek (=Augustijn)',14,15,'8.00','1990-07-07'),
 (427,'Domein donker (=Bornem dubbel)',14,14,'8.00','1990-08-08'),
 (428,'Dommelsch malt',6,3,'0.10','1990-09-09'),
 (431,'Double Enghien blonde',98,15,'7.50','1990-12-12'),
 (432,'Double Enghien brune',98,14,'8.00','1991-01-13'),
 (433,'Doux chemin de l\'amour (Le) (=Fagnes (Blonde des))',119,15,'8.00','1991-02-14'),
 (434,'Drie Fonteinen faro',35,54,'5.00','1991-03-15'),
 (435,'Drie Fonteinen frambozenlambik',35,56,'5.00','1991-04-16'),
 (436,'Drie Fonteinen gueuze',35,55,'5.00','1991-05-17'),
 (437,'Drie Fonteinen kriek',35,55,'5.00','1991-06-18'),
 (438,'Drie Fonteinen kriek van het vat',35,55,'5.00','1991-07-19'),
 (439,'Drie Fonteinen kriekenlambik',35,56,'5.00','1991-08-20'),
 (442,'Drongens plezierke (=Ambiorix dubbel)',99,15,'8.00','1991-11-23'),
 (443,'Drossaard blond',56,33,'7.00','1991-12-24'),
 (444,'Drossaard donker',103,14,'7.00','1992-01-25'),
 (445,'Duchesse de Bourgogne',118,62,'6.20','1992-02-26'),
 (446,'Duivels bier',115,60,'6.00','1992-03-27'),
 (447,'Dulle Teve',32,11,'10.00','1992-04-28'),
 (448,'Dupont biologique (Saison)',37,45,'5.50','1992-05-29'),
 (449,'Dupont vieille provision (Saison)',37,45,'6.50','1992-06-30'),
 (450,'Durboyse ambree',64,18,'7.00','1990-01-01'),
 (451,'Durboyse blonde',64,15,'8.00','1990-02-02'),
 (452,'Durboyse blonde  (=Floreffe blonde)',64,33,'7.00','1990-03-03'),
 (453,'Durboyse brune  (=Floreffe double)',64,14,'7.00','1990-04-04'),
 (454,'Duvel groen',74,15,'7.50','1990-05-05'),
 (455,'Duvel rood',74,15,'8.50','1990-06-06'),
 (456,'Eautex de Brunehaut',21,18,'6.00','1990-07-07'),
 (457,'Ecume des jours',21,18,'7.00','1990-08-08'),
 (458,'Edel-Brau',107,3,'0.10','1990-09-09'),
 (461,'El Vert Doudou (=Pipaix (Saison de))',117,18,'6.50','1990-12-12'),
 (462,'El\' Simpelourd',21,18,'6.50','1991-01-13'),
 (465,'Ename dubbel',93,14,'6.50','1991-04-16'),
 (466,'Ename tripel',93,59,'9.00','1991-05-17'),
 (467,'Engel (Nen)',33,14,'8.00','1991-06-18'),
 (468,'Engeltjes bier',104,36,'10.00','1991-07-19'),
 (469,'Ensor',107,18,'6.50','1991-08-20'),
 (472,'Epeautre (Saison d\')',15,45,'6.00','1991-11-23'),
 (473,'Erezee (Saison d\') - Automne',44,18,'7.00','1991-12-24'),
 (474,'Erezee (Saison d\') - Ete',44,18,'7.00','1992-01-25'),
 (475,'Erezee (Saison d\') - Hiver',44,15,'8.00','1992-02-26'),
 (476,'Erezee (Saison d\') - Printemps',44,18,'6.20','1992-03-27'),
 (478,'Essen Bakkersmolen Wildert blond',91,33,'6.00','1992-05-29'),
 (479,'Essen Bakkersmolen Wildert bruin',91,14,'6.00','1992-06-30'),
 (480,'Etoile (La speciale) (=Vapeur rousse )',117,15,'8.00','1990-01-01'),
 (481,'Eupener caramel',41,51,'1.80','1990-02-02'),
 (482,'Eupener export',41,42,'4.00','1990-03-03'),
 (483,'Eupener extra light',41,34,'2.50','1990-04-04'),
 (484,'Eupener klosterbier special bock',41,12,'6.50','1990-05-05'),
 (485,'Eupener pils',41,42,'4.50','1990-06-06'),
 (487,'Eurotica',117,21,'9.50','1990-08-08'),
 (488,'Ever',14,33,'5.00','1990-09-09'),
 (489,'Eylenbosch framboise lambic',42,22,'4.00','1990-10-10'),
 (490,'Eylenbosch gueuze lambic',42,22,'4.00','1990-11-11'),
 (491,'Eylenbosch kriek lambic',42,22,'4.00','1990-12-12'),
 (492,'Ezel (=Gapers bier)',118,18,'7.00','1991-01-13'),
 (494,'Facon export',43,42,'4.50','1991-03-15'),
 (495,'Facon extra stout',43,49,'5.40','1991-04-16'),
 (496,'Facon oud bruin',43,62,'4.50','1991-05-17'),
 (497,'Facon pils',43,42,'4.70','1991-06-18'),
 (498,'Facon scotch-christmas',43,46,'6.10','1991-07-19'),
 (499,'Facon tafelbier blond',43,51,'1.50','1991-08-20'),
 (500,'Facon tafelbier bruin',43,51,'1.50','1991-09-21'),
 (503,'Fagnes (Blonde des)',119,15,'8.00','1991-12-24'),
 (504,'Fagnes (Rousse des)',119,15,'8.00','1992-01-25'),
 (505,'Fakir',13,33,'6.80','1992-02-26'),
 (508,'Fancy',8,8,'1.50','1992-05-29'),
 (510,'Fantome',44,14,'8.00','1990-01-01'),
 (511,'Fantome brewery (The best of)',44,36,'12.00','1990-02-02'),
 (512,'Fantome de noel',44,14,'8.00','1990-03-03'),
 (513,'Fantomette',44,15,'8.00','1990-04-04'),
 (516,'Felix kriekbier',26,61,'5.00','1990-07-07'),
 (517,'Felix Oudenaards kriekbier',26,61,'6.00','1990-08-08'),
 (518,'Felix Oudenaards oud bruin',26,61,'5.50','1990-09-09'),
 (519,'Felix pils',26,42,'5.00','1990-10-10'),
 (520,'Felix speciaal Oudenaards',26,61,'4.80','1990-11-11'),
 (522,'Feuilles Mortes (Les) (=Moinette blonde)',37,15,'8.50','1991-01-13'),
 (523,'Fiertelbier (=Kapittel abt (Het))',113,21,'10.00','1991-02-14'),
 (525,'Filee  (=Augustijn)',14,15,'8.00','1991-04-16'),
 (526,'Fink brau (=Premium pilsener)',70,42,'5.00','1991-05-17'),
 (527,'Fink brau (=Wieze pils)',125,42,'5.00','1991-06-18'),
 (528,'Fire fox',56,18,'7.00','1991-07-19'),
 (529,'Fitt',125,2,'15.00','1991-08-20'),
 (530,'Flanders triple grand cru (=St. Sebastiaan grand cru)',105,15,'7.60','1991-09-21'),
 (532,'Flandrien',68,18,'5.00','1991-11-23'),
 (533,'Fleurie de Wanze',1,15,'8.00','1991-12-24'),
 (534,'Flierefluiter (Ne) (=Affligem blond (Abdij))',100,18,'7.00','1992-01-25'),
 (537,'Floreffe (Blanche de)',64,53,'5.00','1992-04-28'),
 (538,'Floreffe blonde',64,33,'6.50','1992-05-29'),
 (539,'Floreffe double',64,14,'7.00','1992-06-30'),
 (540,'Floreffe la meilleure',64,36,'8.00','1990-01-01'),
 (541,'Floreffe triple (=Bonne Esperance (Abbaye de))',64,59,'7.50','1990-02-02'),
 (542,'Florisgaarden chocolat',56,53,'3.00','1990-03-03'),
 (543,'Florisgaarden fraises',56,53,'3.00','1990-04-04'),
 (544,'Florisgaarden griotte',56,53,'3.00','1990-05-05'),
 (545,'Florisgaarden ninkeberry',56,53,'3.00','1990-06-06'),
 (546,'Florisgaarden passion',56,53,'3.00','1990-07-07'),
 (547,'Florisgaarden witbier',56,53,'5.00','1990-08-08'),
 (548,'Florival blond (Abdij) (=Affligem blond (Abdij))',100,33,'7.00','1990-09-09'),
 (549,'Florival bruin (Abdij) (=Affligem dubbel (Abdij))',100,14,'7.00','1990-10-10'),
 (550,'Foire verte de l\'eau d\'heure cuvee speciale',97,18,'6.00','1990-11-11'),
 (552,'Follie  (=Vapeur legere)',117,34,'4.50','1991-01-13'),
 (553,'Foret (=Dupont biologique (Saison))',37,18,'5.50','1991-02-14'),
 (554,'Foudroyante de Bruxelles (Blanche) (=Student)',64,53,'4.50','1991-03-15'),
 (555,'Foudroyante framboise (=Lindemans framboise)',67,31,'3.50','1991-04-16'),
 (556,'Foudroyante gueuze (=Lindemans gueuze gefilterd)',67,22,'5.00','1991-05-17'),
 (557,'Foudroyante kriek (=Lindemans kriek)',67,31,'4.00','1991-06-18'),
 (558,'Foudroyante myrtille',67,31,'3.50','1991-07-19'),
 (559,'Foudroyante peche (=Pecheresse)',67,31,'3.00','1991-08-20'),
 (560,'Four chapitre  (=Floreffe blonde)',64,18,'7.00','1991-09-21'),
 (565,'Francorchamps (Blanche de) (=Student)',64,53,'4.50','1992-02-26'),
 (566,'Frenette',117,8,'3.00','1992-03-27'),
 (567,'Freutche (=1900 (Saison))',64,18,'5.00','1992-04-28'),
 (568,'Frontaliere  (=Mengsel La Folie/Saison de Pipaix)',117,15,'7.50','1992-05-29'),
 (569,'Fumee d\'Anvers',120,44,'7.00','1992-06-30'),
 (570,'Gaillarde de \"la Posterie\" cuvee spec. (=Bons voeux (Avec les -- de la brasserie))',37,21,'9.50','1990-01-01'),
 (571,'Gala pils (=Haacht pils)',51,42,'4.70','1990-02-02'),
 (572,'Galmaarden dubbel Meesters bier',71,14,'7.00','1990-03-03'),
 (574,'Galmaarden tripel Meesters bier',71,59,'7.50','1990-05-05'),
 (575,'Gambrinus bock (=Sernia bock)',58,51,'3.80','1990-06-06'),
 (576,'Gambrinus pils (=Sernia pils)',58,42,'4.60','1990-07-07'),
 (577,'Gapers bier',118,18,'7.00','1990-08-08'),
 (578,'Gauloise ambree',17,6,'6.50','1990-09-09'),
 (579,'Gauloise blonde',17,15,'7.00','1990-10-10'),
 (580,'Gauloise brune',17,36,'9.00','1990-11-11'),
 (581,'Gaumaise blonde',48,33,'5.00','1990-12-12'),
 (582,'Gaumaise brune',48,14,'5.00','1991-01-13'),
 (583,'Gaverhopke (\'t) blond',47,15,'8.00','1991-02-14'),
 (584,'Gaverhopke (\'t) bruin 12',47,36,'12.00','1991-03-15'),
 (585,'Gaverhopke (\'t) bruin 8',47,14,'8.00','1991-04-16'),
 (586,'Gayette  (=St. Benoit brune)',17,18,'6.50','1991-05-17'),
 (587,'GB special amber (=Op-ale)',100,6,'5.00','1991-06-18'),
 (588,'GB tafelbier tripel (=Bavaro)',51,51,'3.40','1991-07-19'),
 (591,'Geants (Speciale des) (=Bonne Esperance (Abbaye de))',64,15,'8.00','1991-10-22'),
 (592,'Geldonia blonde  (=St. Benoit blonde)',17,33,'6.50','1991-11-23'),
 (593,'Geldonia brune  (=St. Benoit brune)',17,14,'6.50','1991-12-24'),
 (594,'Gembloux (Biere de l\'abbaye de) (=Bonne Esperance (Abbaye de))',64,15,'8.00','1992-01-25'),
 (595,'Gentse tripel',54,59,'8.00','1992-02-26'),
 (597,'Gigi double blonde',48,51,'1.17','1992-04-28'),
 (598,'Gigi speciale',48,51,'2.38','1992-05-29'),
 (599,'Gildenbier',51,14,'7.00','1992-06-30'),
 (600,'Ginder ale',6,6,'5.10','1990-01-01'),
 (601,'Girardin framboise',49,55,'5.00','1990-02-02'),
 (602,'Girardin gueuze 1882',49,55,'5.00','1990-03-03'),
 (603,'Girardin kriek 1882',49,55,'5.00','1990-04-04'),
 (604,'Girardin kriekenlambik',49,56,'5.00','1990-05-05'),
 (605,'Girardin lambik',49,56,'5.00','1990-06-06'),
 (607,'Godefroy',74,14,'5.80','1990-08-08'),
 (608,'Godefroy premium pils (=Bel pils)',74,42,'5.30','1990-09-09'),
 (609,'Goen (Ne) (=Augustijn)',14,15,'8.00','1990-10-10'),
 (610,'Goldburg',8,42,'5.20','1990-11-11'),
 (612,'Golden dragon beer (=Gulden Draak)',14,21,'10.50','1991-01-13'),
 (613,'Golden Kenia',56,42,'5.00','1991-02-14'),
 (614,'Golding Campina',69,42,'5.00','1991-03-15'),
 (617,'Gouden Carolus',4,14,'7.60','1991-06-18'),
 (620,'Gougnies  (=Moinette blonde)',37,15,'8.50','1991-09-21'),
 (621,'Grand bi-ere de blondine',104,33,'6.00','1991-10-22'),
 (623,'Grande Axhoise',76,18,'6.50','1991-12-24'),
 (626,'Green\'s beer',44,15,'8.00','1992-03-27'),
 (628,'Grenadiere speciale ambree',72,15,'7.50','1992-05-29'),
 (629,'Grimbergen blond',111,33,'6.50','1992-06-30'),
 (630,'Grimbergen dubbel',111,14,'6.50','1990-01-01'),
 (631,'Grimbergen optimo bruno',111,36,'10.00','1990-02-02'),
 (632,'Grimbergen tripel',111,59,'8.13','1990-03-03'),
 (633,'Grisette',100,18,'6.00','1990-04-04'),
 (634,'Grisette biere du cayoteu (=Super 64)',98,18,'5.00','1990-05-05'),
 (635,'Gueule noire  - Koempelbier (=Villers Saint-Ghislain brune (Speciale))',98,15,'8.00','1990-06-06'),
 (636,'Gueuze framboisee des Ardennes (=Timmermans framboise lambic)',108,31,'4.00','1990-07-07'),
 (637,'Guillotine',56,36,'9.00','1990-08-08'),
 (638,'Gulden Draak',14,36,'10.50','1990-09-09'),
 (639,'Guldenberg',85,15,'8.50','1990-10-10'),
 (641,'Haacht blonde',51,51,'1.50','1990-12-12'),
 (642,'Haacht export (=Haacht pils)',51,42,'4.70','1991-01-13'),
 (643,'Haacht pils',51,42,'4.70','1991-02-14'),
 (644,'Haecht witbier',51,53,'4.85','1991-03-15'),
 (645,'Halloween pumpkin ale (=Pumpkin ale)',120,18,'7.00','1991-04-16'),
 (647,'Hanssens gueuze',53,55,'5.00','1991-06-18'),
 (648,'Hanssens kriek',53,55,'5.00','1991-07-19'),
 (649,'Hapkin',68,15,'8.50','1991-08-20'),
 (651,'Harelbekenaar van de abdijhoeve - pater (=Kapittel pater (Het))',113,14,'6.50','1991-10-22'),
 (652,'Harelbekenaar van de abdijhoeve - wit (=Watou\'s wit bier)',113,53,'5.00','1991-11-23'),
 (655,'Heerenbier',18,14,'8.00','1992-02-26'),
 (656,'Hei-kneuter',125,18,'5.40','1992-03-27'),
 (658,'Heliante',44,15,'8.00','1992-05-29'),
 (659,'Helios',6,42,'2.70','1992-06-30'),
 (660,'Hellekapelle',12,33,'5.00','1990-01-01'),
 (661,'Helleketelbier',12,33,'7.00','1990-02-02'),
 (662,'Helles export',99,42,'4.00','1990-03-03'),
 (664,'Hercule',40,21,'9.00','1990-05-05'),
 (665,'Hercule a Vapeur  (=Vapeur rousse )',117,15,'8.00','1990-06-06'),
 (666,'Heren van Bets (De) (=Silly (Saison))',98,18,'5.00','1990-07-07'),
 (667,'Hertog Jan pilsener',6,42,'5.00','1990-08-08'),
 (668,'Hesbaye  ambree',76,6,'7.50','1990-09-09'),
 (669,'Hesbaye  blanche',76,53,'3.80','1990-10-10'),
 (670,'Hesbaye  blonde',76,33,'6.50','1990-11-11'),
 (671,'Hesbaye  brune',76,36,'9.00','1990-12-12'),
 (672,'Hesbaye  cuvee speciale',76,18,'6.50','1991-01-13'),
 (673,'Hesbaye  noire',76,18,'7.00','1991-02-14'),
 (675,'Hesbaye  saison',76,45,'7.00','1991-04-16'),
 (677,'Heymissen dubbel (Abdijbier van)',122,14,'8.00','1991-06-18'),
 (678,'Heymissen tripel (Abdijbier van)',122,59,'9.00','1991-07-19'),
 (682,'Hoekse witte',112,53,'5.00','1991-11-23'),
 (683,'Hoeve bier',107,18,'6.50','1991-12-24'),
 (684,'Hoge Bi-er',104,18,'6.00','1992-01-25'),
 (686,'Honnelles (Blanche des)',91,53,'6.00','1992-03-27'),
 (687,'Hoofse gaffel (=Lamoral Degmont)',112,15,'8.00','1992-04-28'),
 (688,'Hoppe ambachtelijke pils (=Sparta pils)',14,42,'5.00','1992-05-29'),
 (689,'Horse ale',6,6,'4.80','1992-06-30'),
 (690,'Hotteuse 5',93,62,'5.00','1990-01-01'),
 (691,'Hotteuse grand cru',93,15,'8.00','1990-02-02'),
 (693,'Houlette  (=Regal (Saison))',17,18,'6.00','1990-04-04'),
 (694,'Hure  (=Saxo)',23,18,'7.00','1990-05-05'),
 (695,'Huyghe blond',56,51,'2.00','1990-06-06'),
 (696,'Huyghe bruin',56,51,'2.00','1990-07-07'),
 (697,'Huyghe export',56,42,'4.00','1990-08-08'),
 (698,'Huyghe faro',56,51,'2.00','1990-09-09'),
 (699,'Ichtegem\'s oud bruin',107,62,'4.90','1990-10-10'),
 (700,'Iguanodon (=Fakir)',13,18,'6.80','1990-11-11'),
 (701,'Incartade  (=Mengsel La Folie/Saison de Pipaix)',117,15,'7.50','1990-12-12'),
 (702,'Interpils (=Wieze pils)',125,42,NULL,'1991-01-13'),
 (705,'Jack-Op',11,60,'5.00','1991-04-16'),
 (709,'Jamelovienne  (=Mengsel La Folie/Saison de Pipaix)',117,15,'7.50','1991-08-20'),
 (710,'Jan Buuc (=Katje special)',65,18,'5.00','1991-09-21'),
 (711,'Jan van Gent',66,18,'5.50','1991-10-22'),
 (716,'Jobarde (=Vapeur en folie )',117,15,'8.00','1992-03-27'),
 (717,'John Martin\'s special',57,6,'6.10','1992-04-28'),
 (720,'Joyeuse blonde  (=Moinette blonde)',37,15,'8.50','1990-01-01'),
 (721,'Joyeuse brune  (=Moinette brune)',37,36,'8.50','1990-02-02'),
 (723,'Judas',111,15,'8.50','1990-04-04'),
 (724,'Julius',6,15,'8.70','1990-05-05'),
 (725,'Jumeaux ambree (Biere des)',44,6,'6.50','1990-06-06'),
 (726,'Jumeaux blonde (Biere des)',44,33,'6.50','1990-07-07'),
 (727,'Jumelage (La biere du)',91,21,'9.00','1990-08-08'),
 (729,'Jupiler',58,42,'5.26','1990-10-10'),
 (730,'Jupiler NA',6,3,'0.10','1990-11-11'),
 (731,'K.I.H.O. X-mas blond',59,33,NULL,'1990-12-12'),
 (732,'K.I.H.O. X-mas bruin',59,14,NULL,'1991-01-13'),
 (737,'Kamilleken (=Lamoral Degmont)',112,15,'8.00','1991-06-18'),
 (739,'Kapel van Schoor (=St. Sebastiaan grand cru)',105,15,'7.60','1991-08-20'),
 (740,'Kapittel abt (Het)',113,36,'10.00','1991-09-21'),
 (741,'Kapittel dubbel (Het)',113,14,'7.00','1991-10-22'),
 (742,'Kapittel pater (Het)',113,14,'6.50','1991-11-23'),
 (743,'Kapittel prior (Het)',113,36,'9.00','1991-12-24'),
 (744,'Karibik pils',56,42,'5.00','1992-01-25'),
 (745,'Karlsquell pils (=Kwik pils)',70,42,'4.80','1992-02-26'),
 (746,'Karmeliet tripel',20,59,'8.00','1992-03-27'),
 (748,'Kasteel van Ramegnies-Chin (Bier v/h)',43,36,'12.00','1992-05-29'),
 (749,'Kasteelbier gouden triple',114,59,'10.00','1992-06-30'),
 (750,'Kasteelbier Ingelmunster',114,36,'11.00','1990-01-01'),
 (751,'Kasteelbier Ooidonk (=Kasteelbier Ingelmunster)',114,36,'11.00','1990-02-02'),
 (752,'Katje special',65,6,'5.00','1990-03-03'),
 (753,'Keerse tripel (=St. Sebastiaan grand cru)',105,59,'7.60','1990-04-04'),
 (754,'Keizersberg abdijbier (=Bornem tripel)',14,21,'9.00','1990-05-05'),
 (755,'Kelmeser (Der blonde) (=Fakir)',13,33,'6.80','1990-06-06'),
 (756,'Kelottes 75cl',17,15,'8.00','1990-07-07'),
 (757,'Kempenaar (Ne)',113,21,'9.00','1990-08-08'),
 (758,'Kerelsbier donker (=Katje special)',65,14,'5.00','1990-09-09'),
 (759,'Kerelsbier licht (=Sasbrau)',65,33,'6.00','1990-10-10'),
 (761,'Kerstbie(r)',12,14,'8.00','1990-12-12'),
 (762,'Kerstbol',39,14,'7.50','1991-01-13'),
 (763,'Kerstklok',18,14,'8.00','1991-02-14'),
 (764,'Kerstpater',112,14,'6.50','1991-03-15'),
 (765,'Keyport beer (=Safir)',6,42,'5.00','1991-04-16'),
 (766,'Keyser (=Pax pils)',103,42,'5.00','1991-05-17'),
 (767,'Kilo (de)',49,56,'5.00','1991-06-18'),
 (768,'King\'s pils (=Facon pils)',43,42,'4.70','1991-07-19'),
 (769,'Kirally (=Pipaix (Saison de))',117,18,'6.50','1991-08-20'),
 (771,'Klinkaert',14,33,'5.00','1991-10-22'),
 (772,'Klooster Zusters Annonciaden (=St. Sebastiaan grand cru)',105,15,'7.60','1991-11-23'),
 (773,'Kluyserbier (=Poorter)',105,18,'6.50','1991-12-24'),
 (774,'Kortessems blondje',76,53,'7.00','1992-01-25'),
 (778,'Kronenbourg',2,42,'4.80','1992-05-29'),
 (779,'Kruger export',6,42,'4.80','1992-06-30'),
 (780,'Kurstenbrau (=Vega pils)',58,42,'5.00','1990-01-01'),
 (781,'Kuurnse bruine',8,14,'7.00','1990-02-02'),
 (782,'Kuurnse witte',8,53,'7.00','1990-03-03'),
 (786,'Lamoral Degmont',112,15,'8.00','1990-07-07'),
 (787,'Lamoral tripel',112,59,'8.00','1990-08-08'),
 (788,'Lamot pilsor',6,42,'5.20','1990-09-09'),
 (789,'Laplaignoise  (=Moinette blonde)',37,15,'8.50','1990-10-10'),
 (792,'Lazarus bier',104,14,'7.00','1991-01-13'),
 (793,'Lefebvre blonde',64,51,'1.50','1991-02-14'),
 (794,'Lefebvre brune',64,51,'1.70','1991-03-15'),
 (795,'Lefebvre triple blonde',64,51,'3.00','1991-04-16'),
 (796,'Leffe birra rossa',102,18,'6.20','1991-05-17'),
 (797,'Leffe blonde',102,33,'6.50','1991-06-18'),
 (798,'Leffe brune',102,14,'6.30','1991-07-19'),
 (799,'Leffe radieuse',102,36,'8.20','1991-08-20'),
 (801,'Leffe vieille cuvee 8',102,36,'8.20','1991-10-22'),
 (802,'Lembeek\'s',19,8,'2.00','1991-11-23'),
 (803,'Lentebier',17,18,'5.50','1991-12-24'),
 (804,'Leroy blond',65,51,'1.80','1992-01-25'),
 (805,'Leroy bruin',65,51,'1.80','1992-02-26'),
 (806,'Leroy christmas',65,46,'6.80','1992-03-27'),
 (807,'Leroy stout',65,49,'4.00','1992-04-28'),
 (808,'Leuvendige witte (Nen)',33,53,'4.50','1992-05-29'),
 (811,'Lichtervelds blond',32,15,'8.00','1990-02-02'),
 (812,'Liefmans frambozenbier',66,61,'5.40','1990-03-03'),
 (813,'Liefmans gluhkriek',66,61,'6.50','1990-04-04'),
 (814,'Liefmans goudenband',66,14,'8.00','1990-05-05'),
 (815,'Liefmans kriek',66,61,'6.50','1990-06-06'),
 (816,'Liefmans odnar',66,61,'4.50','1990-07-07'),
 (817,'Liefmans oud bruin',66,61,'5.00','1990-08-08'),
 (818,'Limburgse witte',103,53,'5.00','1990-09-09'),
 (819,'Lindemans cassis',67,31,'4.00','1990-10-10'),
 (820,'Lindemans faro lambic',67,54,'4.75','1990-11-11'),
 (821,'Lindemans framboise',67,31,'3.50','1990-12-12'),
 (822,'Lindemans gueuze gefilterd',67,22,'5.00','1991-01-13'),
 (823,'Lindemans gueuze ongefilterd',67,55,'5.00','1991-02-14'),
 (824,'Lindemans kriek',67,31,'4.00','1991-03-15'),
 (825,'Lindemans kriekenlambik',67,56,'4.00','1991-04-16'),
 (826,'Lindemans lambik',67,56,'4.00','1991-05-17'),
 (827,'Lion (Biere du)',119,15,'8.00','1991-06-18'),
 (829,'Livinus blonde (=Kapittel abt (Het))',113,21,'10.00','1991-08-20'),
 (830,'Livinus brune (=Kapittel prior (Het))',113,36,'9.00','1991-09-21'),
 (831,'Loburg',6,42,'5.70','1991-10-22'),
 (833,'Lokernaere (E) (=Yperman)',65,18,'6.00','1991-12-24'),
 (835,'Loteling blond',120,15,'8.00','1992-02-26'),
 (836,'Loteling bruin',120,14,'7.00','1992-03-27'),
 (837,'Loterbol',39,33,'5.20','1992-04-28'),
 (839,'Louvoise  (=St. Benoit blonde)',17,18,'6.50','1992-06-30'),
 (840,'Louwaege dubbel blond',68,51,'1.40','1990-01-01'),
 (841,'Louwaege export',68,42,'4.60','1990-02-02'),
 (842,'Louwaege faro',68,51,'1.40','1990-03-03'),
 (843,'Louwaege stout',68,49,'4.80','1990-04-04'),
 (844,'Louwaege\'s pils',68,42,'4.50','1990-05-05'),
 (845,'Louwke Poep',14,6,'5.00','1990-06-06'),
 (846,'Lowiden',113,18,'5.00','1990-07-07'),
 (847,'Lowie Kators',14,21,'9.00','1990-08-08'),
 (848,'Lowie V (=Cnudde Oudenaards bruin)',27,62,'4.70','1990-09-09'),
 (849,'Lucifer',87,15,'8.00','1990-10-10'),
 (854,'Maerlant (=Bornem tripel)',14,59,'9.00','1991-03-15'),
 (855,'Maes cool beer',69,26,'5.70','1991-04-16'),
 (856,'Maes export',69,42,'4.50','1991-05-17'),
 (857,'Maes pils',69,42,'5.10','1991-06-18'),
 (858,'Magonette',109,15,'8.20','1991-07-19'),
 (859,'Malmedy blonde (Biere speciale de) (=Floreffe blonde)',64,33,'7.00','1991-08-20'),
 (860,'Malmedy brune (Biere speciale de) (=Floreffe double)',64,14,'7.00','1991-09-21'),
 (861,'Malognarde blonde',13,15,'7.50','1991-10-22'),
 (862,'Malognarde brune  (=Reserve Marie de Hongrie)',13,36,'8.70','1991-11-23'),
 (863,'Malonne (Abbaye de - Abdij van) bruin bier',51,18,'6.00','1991-12-24'),
 (864,'Maltosa',51,51,'1.40','1992-01-25'),
 (865,'Manneken Pis (=Oud Zottegems bier)',29,18,'6.50','1992-02-26'),
 (866,'Manou des Sources (=Floreffe blonde)',64,18,'7.00','1992-03-27'),
 (869,'Marchande tripel',21,59,NULL,'1992-06-30'),
 (870,'Marckloff',45,18,'6.50','1990-01-01'),
 (871,'Marckloff Valentin',45,18,'6.50','1990-02-02'),
 (872,'Maredsous 10',74,36,'9.50','1990-03-03'),
 (873,'Maredsous 6 blond',74,33,'6.80','1990-04-04'),
 (874,'Maredsous 6 donker',74,14,'6.40','1990-05-05'),
 (875,'Maredsous 8',74,14,'8.00','1990-06-06'),
 (876,'Marlagne blanche',72,53,'5.50','1990-07-07'),
 (877,'Marlagne blonde',72,33,'5.50','1990-08-08'),
 (878,'Marquise',56,18,'5.70','1990-09-09'),
 (879,'Mars (Biere de)',6,35,'5.00','1990-10-10'),
 (882,'Martens pils',70,42,'5.00','1991-01-13'),
 (883,'Martens tafelstout',70,51,'0.50','1991-02-14'),
 (885,'Match blond tafelbier',56,51,'1.50','1991-04-16'),
 (886,'Match bruin tafelbier',56,51,'1.00','1991-05-17'),
 (887,'Match tripel tafelbier',56,51,'3.40','1991-06-18'),
 (888,'Mateen Belgian ale triple',56,59,'9.00','1991-07-19'),
 (889,'Mater wit bier',93,53,'5.00','1991-08-20'),
 (891,'Mc Chouffe',1,36,'8.50','1991-10-22'),
 (892,'Mc Ewans christmas',57,46,'7.20','1991-11-23'),
 (893,'Mc Ewans scotch ale',57,46,'7.20','1991-12-24'),
 (894,'Mc Gregor',56,18,'6.50','1992-01-25'),
 (895,'Mechelschen bruynen',4,14,'6.30','1992-02-26'),
 (897,'Meneer',96,11,'7.50','1992-04-28'),
 (898,'Mengbier',10,60,'5.00','1992-05-29'),
 (899,'Mengsel La Folie/Saison de Pipaix',117,15,'7.50','1992-06-30'),
 (900,'Menhir (Blonde du)',64,33,'6.50','1990-01-01'),
 (901,'Mercator',120,14,'5.00','1990-02-02'),
 (903,'Minty',56,33,'4.30','1990-04-04'),
 (904,'Miroir christmas',73,14,'8.00','1990-05-05'),
 (905,'Miroir paasbier',73,18,'6.50','1990-06-06'),
 (906,'Miroir speciale',73,53,'4.50','1990-07-07'),
 (907,'Miroir speciale dark',73,14,'5.50','1990-08-08'),
 (908,'Moeder Overste (=Bonne Esperance (Abbaye de))',64,15,'8.00','1990-09-09'),
 (909,'Moine (triple)',17,59,'8.00','1990-10-10'),
 (910,'Moinette biolegere/zacht',37,8,'3.50','1990-11-11'),
 (911,'Moinette biologique',37,15,'7.50','1990-12-12'),
 (912,'Moinette blonde',37,15,'8.50','1991-01-13'),
 (913,'Moinette brune',37,36,'8.50','1991-02-14'),
 (914,'Moinette des iguanodons de Bernissart (=Moinette blonde)',37,15,'8.50','1991-03-15'),
 (915,'Moinette des Sorcieres de Warquignies  (=Moinette blonde)',37,15,'8.50','1991-04-16'),
 (916,'Molenbier',95,18,'5.30','1991-05-17'),
 (917,'Molenbier (=Bokkereyer)',103,18,'5.80','1991-06-18'),
 (918,'Molenbier (Tessenderlo) (=St. Sebastiaan grand cru)',105,15,'7.60','1991-07-19'),
 (922,'Moneuse',15,14,'8.00','1991-11-23'),
 (923,'Moneuse speciale noel',15,14,'8.00','1991-12-24'),
 (925,'Mont Saint-Aubert',21,14,'8.00','1992-02-26'),
 (926,'Montagnarde',91,36,'9.00','1992-03-27'),
 (927,'Mort Subite cassis',60,31,'4.00','1992-04-28'),
 (928,'Mort Subite framboise',60,22,'4.00','1992-05-29'),
 (929,'Mort Subite gueuze fond',60,55,'6.00','1992-06-30'),
 (930,'Mort Subite gueuze gefilterd',60,22,'4.00','1990-01-01'),
 (931,'Mort Subite kriek',60,22,'4.00','1990-02-02'),
 (932,'Mort Subite peche',60,31,'4.00','1990-03-03'),
 (934,'Munck pils (=Haacht pils)',51,42,'4.70','1990-05-05'),
 (940,'N\'Ice Chouffe',1,36,'10.00','1990-11-11'),
 (941,'Namur (Blanche de)',17,53,'4.50','1990-12-12'),
 (942,'Napoleon',100,14,'8.00','1991-01-13'),
 (943,'Nationale  (=Mengsel La Folie/Saison de Pipaix)',117,15,'7.50','1991-02-14'),
 (944,'Neiges (Blanche des)',56,53,'4.00','1991-03-15'),
 (945,'Neuvilloise',64,15,'8.00','1991-04-16'),
 (946,'Ninoviet (=Noel-christmas-Weihnacht)',118,15,'7.20','1991-05-17'),
 (951,'Noel (Blanche de)',17,53,'4.00','1991-10-22'),
 (952,'Noel (Speciale blanche)',91,53,NULL,'1991-11-23'),
 (953,'Noel (Speciale)',100,14,'6.40','1991-12-24'),
 (954,'Noel de Silenrieux',97,14,'7.50','1992-01-25'),
 (955,'Noel-christmas-Weihnacht',118,15,'7.20','1992-02-26'),
 (956,'Nonettes (Biere des)',56,15,'7.20','1992-03-27'),
 (957,'Nostra Domus (Nen)',33,18,'5.00','1992-04-28'),
 (959,'Nounou (=Augustijn)',14,15,'8.00','1992-06-30'),
 (960,'O Mac Kot (Biere de Blaton) (=Mengsel La Folie/Saison de Pipaix)',117,15,'7.50','1990-01-01'),
 (961,'O\'Connell\'s Dublin ale',56,4,'5.70','1990-02-02'),
 (962,'Obigeoise',43,18,'6.10','1990-03-03'),
 (963,'Ochtend kriek (Nen)',33,15,'7.00','1990-04-04'),
 (965,'Oelegems kruikenbier (=St. Sebastiaan grand cru)',105,15,'7.60','1990-06-06'),
 (966,'Oelegems Titsenbier (=Moinette biologique)',37,15,'7.50','1990-07-07'),
 (967,'Oeral',32,11,'6.00','1990-08-08'),
 (968,'Oerbier',32,14,'7.50','1990-09-09'),
 (971,'Old Musketeer',65,14,'7.00','1990-12-12'),
 (972,'Oliver Twist (Nen) (=Toison d\'or (triple))',4,59,'7.00','1991-01-13'),
 (973,'Op-ale',100,6,'5.00','1991-02-14'),
 (974,'Ops-ale',103,6,'5.50','1991-03-15'),
 (975,'Oregon rodeo beer',105,8,'4.30','1991-04-16'),
 (976,'Orval',78,11,'6.20','1991-05-17'),
 (977,'Oud Beersel gueuze',116,55,'6.00','1991-06-18'),
 (978,'Oud Beersel lambik',116,56,'5.70','1991-07-19'),
 (979,'Oud Kriekenbier',29,18,'6.50','1991-08-20'),
 (980,'Oud Zottegems bier',29,33,'6.50','1991-09-21'),
 (981,'Oud Zottegems bier hergist',29,33,'6.80','1991-10-22'),
 (983,'Oudenaards wit tarwebier',26,53,'4.80','1991-12-24'),
 (984,'Oudenburgs abdijbier',104,14,'8.00','1992-01-25'),
 (985,'Oudenburgs bruin',104,14,'8.00','1992-02-26'),
 (986,'Oudenburgse tripel',104,59,NULL,'1992-03-27'),
 (988,'Paasbier',104,14,'8.00','1992-05-29'),
 (990,'Pacques (Brassin de)',76,18,'6.00','1990-01-01'),
 (993,'Palm (Dobbel)',81,6,'5.60','1990-04-04'),
 (994,'Palm (Speciale)',81,6,'5.10','1990-05-05'),
 (995,'Palm green',81,3,'0.10','1990-06-06'),
 (997,'Paques (Biere de)',13,14,'7.00','1990-08-08'),
 (998,'Paranoia groen',120,18,'6.20','1990-09-09'),
 (999,'Paranoia roze',120,18,'6.20','1990-10-10'),
 (1001,'Parbo bier (=Pax pils)',103,42,'5.00','1990-12-12'),
 (1002,'Park (Abdij van \'t) bruin',111,14,'6.50','1991-01-13'),
 (1003,'Pastorijpoort Balen/Olmen (=St. Sebastiaan grand cru)',105,15,'7.60','1991-02-14'),
 (1004,'Pater brune (=Maltosa)',51,51,'1.40','1991-03-15'),
 (1008,'Pater Van Damme',82,14,'7.50','1991-07-19'),
 (1009,'Paulus',65,62,'5.00','1991-08-20'),
 (1010,'Pauwel Kwak',20,15,'8.00','1991-09-21'),
 (1011,'Pave de l\'Ours (Le)',13,36,'8.50','1991-10-22'),
 (1012,'Pax pils',103,42,'5.00','1991-11-23'),
 (1013,'Pecheresse',67,31,'2.50','1991-12-24'),
 (1014,'Pecheresse (Petite) (=Pecheresse)',67,31,'3.00','1992-01-25'),
 (1015,'Pee Klak grand cru (=Zottegemse grand cru)',29,15,'8.40','1992-02-26'),
 (1016,'Pee Klak Moorsels bier',107,18,'5.40','1992-03-27'),
 (1017,'Pee Klak special',29,18,'6.80','1992-04-28'),
 (1019,'Pellainoise',76,15,'8.00','1992-06-30'),
 (1024,'Perle d\'Hastiere  (=Bonne Esperance (Abbaye de))',64,15,'8.00','1990-05-05'),
 (1025,'Pertotale faro',19,19,'6.00','1990-06-06'),
 (1026,'Peter Benoit',65,14,'5.00','1990-07-07'),
 (1029,'Petouille  (=Mengsel La Folie/Saison de Pipaix)',117,15,'7.50','1990-10-10'),
 (1030,'Petrus (Triple)',8,59,'7.50','1990-11-11'),
 (1031,'Petrus oud bruin',8,62,'5.50','1990-12-12'),
 (1032,'Petrus speciale',8,6,'5.50','1991-01-13'),
 (1034,'Pick-up pils',121,42,'4.80','1991-03-15'),
 (1035,'Piedboeuf blonde',6,51,'1.70','1991-04-16'),
 (1036,'Piedboeuf blonde',58,51,'1.70','1991-05-17'),
 (1037,'Piedboeuf dubbel - foncee',6,51,'1.50','1991-06-18'),
 (1038,'Piedboeuf dubbel - foncee',58,51,'1.50','1991-07-19'),
 (1039,'Piedboeuf tripel - triple',58,51,'3.80','1991-08-20'),
 (1041,'Pierreuse',76,14,'8.00','1991-10-22'),
 (1043,'Pint pilsener (=Premium pilsener)',70,42,'5.00','1991-12-24'),
 (1044,'Pipaix (Saison de)',117,45,'6.50','1992-01-25'),
 (1046,'Pir\'eye di Licint 6.5 (Li) (=Fakir)',13,18,'6.80','1992-03-27'),
 (1047,'Pir\'eye di Licint 9 (Li) (=Reserve Marie de Hongrie)',13,15,'8.70','1992-04-28'),
 (1048,'Piraat',14,21,'10.50','1992-05-29'),
 (1050,'Pissenlit',44,18,'6.00','1990-01-01'),
 (1051,'Platzen pils (=Sernia pils)',58,42,'4.60','1990-02-02'),
 (1053,'Ploquette',94,15,'7.50','1990-04-04'),
 (1054,'Poiluchette blanche de Thy  (=Neiges (Blanche des))',56,53,'4.00','1990-05-05'),
 (1055,'Poiluchette blonde',56,15,'7.50','1990-06-06'),
 (1056,'Poiluchette brune',56,14,'7.50','1990-07-07'),
 (1057,'Polderbier bitter',104,11,'8.00','1990-08-08'),
 (1058,'Polderbier fruitig',104,14,'8.00','1990-09-09'),
 (1060,'Pompeschitter (De)',65,42,'5.30','1990-11-11'),
 (1062,'Pontonnierke',104,14,'7.00','1991-01-13'),
 (1063,'Pony stout',8,49,'5.50','1991-02-14'),
 (1064,'Poorter',105,14,'6.50','1991-03-15'),
 (1065,'Poperings hommelbier',113,15,'7.50','1991-04-16'),
 (1066,'Postel dobbel',100,14,'7.00','1991-05-17'),
 (1067,'Postel kerstbier',100,36,'8.50','1991-06-18'),
 (1068,'Postel tripel',100,59,'8.00','1991-07-19'),
 (1069,'Praile (Blonde de la)',83,15,'7.50','1991-08-20'),
 (1071,'Praile (Saison de la)',83,45,NULL,'1991-10-22'),
 (1073,'Premium pilsener',70,42,'5.00','1991-12-24'),
 (1074,'Prik pils',93,42,'4.90','1992-01-25'),
 (1075,'Prima',65,51,'3.00','1992-02-26'),
 (1076,'Primeur kriek',11,22,'5.20','1992-03-27'),
 (1077,'Primus',51,42,'5.00','1992-04-28'),
 (1078,'Prisma pils (=Haacht pils)',51,42,'4.70','1992-05-29'),
 (1079,'Prosit pils',20,42,'4.80','1992-06-30'),
 (1081,'Pumpkin ale',120,15,'7.00','1990-02-02'),
 (1082,'Punch blond',43,33,'6.10','1990-03-03'),
 (1083,'Punch donker',43,14,'6.10','1990-04-04'),
 (1084,'Quenast',64,42,'5.00','1990-05-05'),
 (1085,'Queue de charrue',118,18,'5.20','1990-06-06'),
 (1086,'Queue de charrue blonde (=Augustijn)',14,15,'8.00','1990-07-07'),
 (1087,'Queue de chat',44,15,'8.00','1990-08-08'),
 (1088,'Quintine',40,11,'8.00','1990-09-09'),
 (1090,'Quintine de noel',40,15,'8.50','1990-11-11'),
 (1091,'Rabat  (=Mc Chouffe)',1,15,'8.50','1990-12-12'),
 (1092,'Rabenhaubt witbier (=Watou\'s wit bier)',113,53,'5.00','1991-01-13'),
 (1093,'Rafexport',28,42,'4.50','1991-02-14'),
 (1094,'Raisinoise',64,18,'5.20','1991-03-15'),
 (1096,'Ras super pils (=Pax pils)',103,42,'5.00','1991-05-17'),
 (1101,'Redor pils',37,42,'6.20','1991-10-22'),
 (1102,'Regain (blanche)',91,53,'6.00','1991-11-23'),
 (1103,'Regal (Saison)',17,45,'6.00','1991-12-24'),
 (1104,'Regal christmas',17,36,'9.00','1992-01-25'),
 (1105,'Reinaert amber',84,18,'7.00','1992-02-26'),
 (1107,'Reinaert tripel',84,59,'9.00','1992-04-28'),
 (1109,'Rendux ambree',3,6,'7.00','1992-06-30'),
 (1110,'Rendux brune',3,14,'7.00','1990-01-01'),
 (1111,'Reserve Marie de Hongrie',13,36,'8.70','1990-02-02'),
 (1112,'Reserve Marie de Hongrie speciale Noel',13,36,'9.00','1990-03-03'),
 (1113,'Retro oude methode',56,18,'7.00','1990-04-04'),
 (1114,'Ridder',65,8,'2.20','1990-05-05'),
 (1115,'Rijsel triple beer ambree (=Piraat)',14,21,'10.50','1990-06-06'),
 (1116,'Riva baviere',87,51,'2.00','1990-07-07'),
 (1117,'Riva bruine speciale',87,51,'2.00','1990-08-08'),
 (1118,'Riva pils',87,42,'5.00','1990-09-09'),
 (1119,'Riva triple abdij',87,59,'7.20','1990-10-10'),
 (1120,'Roberg classic',88,15,'8.00','1990-11-11'),
 (1121,'Roberg dark',88,14,'8.00','1990-12-12'),
 (1122,'Roberg junior',88,42,'5.00','1991-01-13'),
 (1123,'Rochefort 6',89,14,'7.50','1991-02-14'),
 (1124,'Rochefort 8',89,36,'9.20','1991-03-15'),
 (1125,'Rochefort 10',89,36,'11.30','1991-04-16'),
 (1126,'Rochefortoise ambree',90,15,'8.00','1991-05-17'),
 (1127,'Rochefortoise blonde',90,33,'6.20','1991-06-18'),
 (1129,'Rochelle',13,18,'7.00','1991-08-20'),
 (1130,'Rochus',95,14,'4.70','1991-09-21'),
 (1131,'Rocs (Abbaye des)',91,36,'9.00','1991-10-22'),
 (1133,'Rocs speciale noel (Abbaye des)',91,36,'9.00','1991-12-24'),
 (1134,'Rodenbach',92,62,'5.00','1992-01-25'),
 (1135,'Rodenbach grand cru',92,62,'6.50','1992-02-26'),
 (1136,'Roman (Special)',93,61,'5.50','1992-03-27'),
 (1137,'Roman bleek',93,51,'1.20','1992-04-28'),
 (1138,'Roman bruin',93,51,'1.20','1992-05-29'),
 (1139,'Roman dobbelen bruinen',93,14,'8.00','1992-06-30'),
 (1140,'Roman export',93,42,'4.50','1990-01-01'),
 (1141,'Roman Oudenaards',93,61,'5.05','1990-02-02'),
 (1142,'Romy luxe',93,42,'5.60','1990-03-03'),
 (1143,'Romy pils',93,42,'5.10','1990-04-04'),
 (1144,'Ronsies Bommelsbier (=Moinette blonde)',37,15,'8.50','1990-05-05'),
 (1145,'Roosenberg (Abdij) (=Bornem tripel)',14,21,'9.00','1990-06-06'),
 (1146,'Rose de Gambrinus',22,56,'5.00','1990-07-07'),
 (1147,'Royal pils (=Riva pils)',87,42,'5.00','1990-08-08'),
 (1148,'Royal type ale',125,6,'5.20','1990-09-09'),
 (1149,'Royale blonde',98,51,'1.20','1990-10-10'),
 (1150,'Rubbel sexy lager',56,42,'5.00','1990-11-11'),
 (1151,'Rubens gold',111,33,'4.30','1990-12-12'),
 (1152,'Rubens rood',17,53,'4.00','1991-01-13'),
 (1153,'S-pils',112,42,'5.00','1991-02-14'),
 (1154,'Safir',6,42,'5.00','1991-03-15'),
 (1156,'Samson (L\'ambree du)',72,15,'8.50','1991-05-17'),
 (1157,'Samwell pils (=Haacht pils)',51,42,'4.70','1991-06-18'),
 (1158,'San Michael triple',56,59,'6.80','1991-07-19'),
 (1159,'Sanctus',74,14,'6.80','1991-08-20'),
 (1162,'Sas export',65,42,'4.00','1991-11-23'),
 (1163,'Sas pils',65,42,'4.70','1991-12-24'),
 (1164,'Sasbrau',65,13,'6.00','1992-01-25'),
 (1168,'Saxo',23,33,'7.00','1992-05-29'),
 (1169,'Scaldienne',43,18,'5.50','1992-06-30'),
 (1170,'Schaerbeekoise',91,21,'9.00','1990-01-01'),
 (1171,'Schavuit dubbel (=Bornem dubbel)',14,14,'8.00','1990-02-02'),
 (1172,'Schavuit tripel (=Bornem tripel)',14,59,'9.00','1990-03-03'),
 (1174,'Schrans pater (De)',56,51,NULL,'1990-05-05'),
 (1175,'Schulten Brau',70,42,'4.90','1990-06-06'),
 (1177,'Seigneurie  (=Floreffe blonde)',64,18,'7.00','1990-08-08'),
 (1179,'Serclaes (t\')',64,33,'7.00','1990-10-10'),
 (1180,'Sernia bock',58,51,'3.80','1990-11-11'),
 (1181,'Sernia brune (=C.T.S. Scotch)',6,14,'7.50','1990-12-12'),
 (1182,'Sernia pils',58,42,'4.60','1991-01-13'),
 (1183,'Setz brau',6,42,'6.00','1991-02-14'),
 (1185,'Sexy dubbel lager',120,42,'5.00','1991-04-16'),
 (1186,'Sezoens blond',70,33,'6.00','1991-05-17'),
 (1187,'Sezoens Europe',70,33,'6.50','1991-06-18'),
 (1188,'Sezoens quattro',70,5,'7.00','1991-07-19'),
 (1189,'Sherry Poesy old Beersel',116,55,'7.00','1991-08-20'),
 (1191,'Shopping (Blanche du) (=Charleroi (Blanche de))',21,53,'5.00','1991-10-22'),
 (1192,'SI Boune blonde (=Moine (triple))',17,15,'8.00','1991-11-23'),
 (1193,'Si Boune brune (=St. Benoit brune)',17,14,'6.50','1991-12-24'),
 (1194,'Silbrau dort urtyp',98,13,'6.20','1992-01-25'),
 (1196,'Silly (Bock)',98,51,'3.00','1992-03-27'),
 (1197,'Silly (Saison)',98,45,'5.00','1992-04-28'),
 (1198,'Silly (Scotch)',98,46,'8.00','1992-05-29'),
 (1199,'Silly pils',98,42,'5.00','1992-06-30'),
 (1200,'Silly triple bock',98,51,'4.00','1990-01-01'),
 (1201,'Sinaaise bok (=Bornem tripel)',14,36,'9.00','1990-02-02'),
 (1202,'Sinpalsken',84,15,'8.00','1990-03-03'),
 (1203,'Sioen Maeseycker kloosterbier',14,36,'11.00','1990-04-04'),
 (1206,'Ski-rodt biermuseum blonde (=St. Benoit blonde)',17,33,'6.50','1990-07-07'),
 (1207,'Ski-rodt biermuseum brune (=St. Benoit brune)',17,14,'6.50','1990-08-08'),
 (1208,'Slag lager pils',99,42,'4.80','1990-09-09'),
 (1209,'Slaghmuylder\'s kerstbier',99,42,'5.50','1990-10-10'),
 (1210,'Slaghmuylder\'s oud bier',99,51,'2.50','1990-11-11'),
 (1211,'Slaghmuylder\'s paasbier',99,42,'5.50','1990-12-12'),
 (1212,'Slaghmuylder\'s tafel hell',99,51,'2.50','1991-01-13'),
 (1213,'Slijtersbier',126,18,'7.00','1991-02-14'),
 (1214,'Sloeber',93,14,'7.50','1991-03-15'),
 (1216,'Slypke  (=Kapittel pater (Het))',113,18,'6.50','1991-05-17'),
 (1217,'Smisje banaan (\'t)',86,18,'6.00','1991-06-18'),
 (1218,'Smisje dubbel (\'t)',86,36,'9.00','1991-07-19'),
 (1219,'Smisje honingbier blond (\'t)',86,33,'6.00','1991-08-20'),
 (1220,'Smisje honingbier donker (\'t)',86,14,'6.00','1991-09-21'),
 (1221,'Smokkelaar (De) (=St. Paul triple)',105,15,'7.60','1991-10-22'),
 (1222,'Snoek (=Vlotbier)',32,18,'6.90','1991-11-23'),
 (1223,'Soleilmont double',64,14,'6.20','1991-12-24'),
 (1225,'Soy (Blanche de)',44,53,NULL,'1992-02-26'),
 (1226,'Spar pils',2,42,'4.80','1992-03-27'),
 (1227,'Sparta pils',14,42,'5.00','1992-04-28'),
 (1228,'Spijtighen spelduvel (Den)',98,18,'6.50','1992-05-29'),
 (1229,'St. Adriaan kruikenbier dark (=St. Sebastiaan dark)',105,14,'6.90','1992-06-30'),
 (1230,'St. Adriaan kruikenbier grand cru (=St. Sebastiaan grand cru)',105,15,'7.60','1990-01-01'),
 (1231,'St. Adriaans kerstbier',33,14,'8.00','1990-02-02'),
 (1232,'St. Adriaansbier',33,18,'7.00','1990-03-03'),
 (1234,'St. Amandus blond Kortenbergs abdijbier',30,33,'5.00','1990-05-05'),
 (1235,'St. Amandus bruin Kortenbergs abdijbier',30,14,'8.00','1990-06-06'),
 (1236,'St. Arnoldus triple (=Riva triple abdij)',87,59,'7.20','1990-07-07'),
 (1237,'St. Benoit blonde',17,33,'6.50','1990-08-08'),
 (1238,'St. Benoit brune',17,14,'6.50','1990-09-09'),
 (1239,'St. Benoit brune (brassin special)',17,36,'8.50','1990-10-10'),
 (1240,'St. Benoit triple',17,59,'8.00','1990-11-11'),
 (1241,'St. Bernardus abt 12',101,21,'10.00','1990-12-12'),
 (1242,'St. Bernardus blond',101,33,'6.00','1991-01-13'),
 (1243,'St. Bernardus pater 6',101,14,'6.70','1991-02-14'),
 (1244,'St. Bernardus prior 8',101,14,'8.00','1991-03-15'),
 (1245,'St. Bernardus triple',101,59,'7.50','1991-04-16'),
 (1246,'St. Berthuin brune',64,14,'6.50','1991-05-17'),
 (1247,'St. Christophe blonde (=Villers-St. Ghislain blonde (Speciale))',98,15,'8.00','1991-06-18'),
 (1248,'St. Christophe brune (=Villers Saint-Ghislain brune (Speciale))',98,14,'8.00','1991-07-19'),
 (1249,'St. Denise dark (=St. Sebastiaan dark)',105,14,'6.90','1991-08-20'),
 (1250,'St. Denise grand cru (=St. Sebastiaan grand cru)',105,15,'7.60','1991-09-21'),
 (1252,'St. Feuillien blonde 1,5 l',46,15,'7.50','1991-11-23'),
 (1254,'St. Feuillien brune 1,5 l',46,14,'7.50','1992-01-25'),
 (1256,'St. Feuillien cuvee de noel (=Affligem christmas ale)',100,21,'9.00','1992-03-27'),
 (1257,'St. Ghislain (Abbaye de) (=Beloeil (La biere de))',37,15,'8.50','1992-04-28'),
 (1259,'St. Hermes abdijbier',26,15,'8.00','1992-06-30'),
 (1261,'St. Hubert',91,21,'9.00','1990-02-02'),
 (1264,'St. Idesbald blond',56,33,'6.00','1990-05-05'),
 (1265,'St. Idesbald bruin',56,14,'8.00','1990-06-06'),
 (1266,'St. Idesbald triple',56,59,'9.00','1990-07-07'),
 (1267,'St. Jozef kriekenbier',103,18,'5.00','1990-08-08'),
 (1268,'St. Lamvinus',22,55,'5.00','1990-09-09'),
 (1269,'St. Laurent double (=St. Paul double)',105,14,'6.90','1990-10-10'),
 (1270,'St. Laurent triple (=St. Paul triple)',105,59,'7.60','1990-11-11'),
 (1271,'St. Leger (=Floreffe blonde)',64,18,'7.00','1990-12-12'),
 (1272,'St. Lenderik',91,21,'9.00','1991-01-13'),
 (1273,'St. Louis cassis kir royal',114,64,'4.50','1991-02-14'),
 (1274,'St. Louis framboise',114,64,'4.50','1991-03-15'),
 (1275,'St. Louis gueuze fond tradition lambic',114,65,'5.00','1991-04-16'),
 (1276,'St. Louis gueuze lambic',114,64,'4.50','1991-05-17'),
 (1277,'St. Louis kriek lambic',114,64,'4.50','1991-06-18'),
 (1278,'St. Louis peche lambic',114,64,'3.50','1991-07-19'),
 (1279,'St. Monon ambree',3,18,'7.00','1991-08-20'),
 (1281,'St. Paul blond',105,33,'5.30','1991-10-22'),
 (1282,'St. Paul double',105,14,'6.90','1991-11-23'),
 (1283,'St. Paul special',105,18,'5.50','1991-12-24'),
 (1284,'St. Paul triple',105,59,'7.60','1992-01-25'),
 (1285,'St. Quentin (Blanche de)',72,53,'4.50','1992-02-26'),
 (1286,'St. Quentin (Brune de)',72,14,'4.50','1992-03-27'),
 (1287,'St. Quentin (Brune de) (=St. Benoit brune (brassin special))',17,36,'8.50','1992-04-28'),
 (1288,'St. Quirin blonde  (=Fakir)',13,33,'6.80','1992-05-29'),
 (1289,'St. Quirin brune  (=Reserve Marie de Hongrie)',13,36,'8.70','1992-06-30'),
 (1290,'St. Sebastiaan dark',105,14,'6.90','1990-01-01'),
 (1292,'St. Sebastiaan grand cru',105,15,'7.60','1990-03-03'),
 (1294,'St.-Gabriel',44,18,'7.00','1990-05-05'),
 (1295,'Stadhuis Lommel (=St. Sebastiaan grand cru)',105,15,'7.60','1990-06-06'),
 (1296,'Star blond',51,2,'0.50','1990-07-07'),
 (1297,'Star bruin',51,2,'0.50','1990-08-08'),
 (1298,'Steedje kerstbier',104,14,'7.90','1990-09-09'),
 (1299,'Steedje special',104,15,'7.90','1990-10-10'),
 (1300,'Steedje tripel',104,59,'7.90','1990-11-11'),
 (1302,'Steenbrugge blonde (Abdij)',50,33,NULL,'1991-01-13'),
 (1303,'Steenbrugge dubbel (Abdij)',50,14,'6.50','1991-02-14'),
 (1304,'Steenbrugge tripel (Abdij)',50,59,'8.50','1991-03-15'),
 (1305,'Steendonk Brabants witbier',81,53,'4.50','1991-04-16'),
 (1306,'Steenezel (=Piraat)',14,21,'10.50','1991-05-17'),
 (1309,'Steinbrau pils',70,42,NULL,'1991-08-20'),
 (1310,'Stella Artois',6,42,'5.20','1991-09-21'),
 (1311,'Stella Artois dry',6,42,'5.50','1991-10-22'),
 (1312,'Stella Artois light',6,34,'3.40','1991-11-23'),
 (1313,'Stella Artois NA',6,3,'0.10','1991-12-24'),
 (1314,'Ster ale',105,6,'4.70','1992-01-25'),
 (1316,'Stille Nacht',32,36,'8.10','1992-03-27'),
 (1317,'Stoeren Bonk blond (=Augustijn)',14,15,'8.00','1992-04-28'),
 (1318,'Stoeren Bonk donker (=Bornem dubbel)',14,14,'8.00','1992-05-29'),
 (1320,'Stropken',54,36,'9.00','1990-01-01'),
 (1321,'Strubbe export',107,42,'4.20','1990-02-02'),
 (1322,'Strubbe faro',107,51,'2.00','1990-03-03'),
 (1324,'Strubbe oud bier',107,51,'2.10','1990-05-05'),
 (1325,'Strubbe pilsen',107,51,'2.10','1990-06-06'),
 (1326,'Strubbe stout',107,49,'5.00','1990-07-07'),
 (1327,'Student',64,53,'4.50','1990-08-08'),
 (1328,'Suma pils (=Sas pils)',65,42,'4.70','1990-09-09'),
 (1329,'Super 64',98,33,'5.00','1990-10-10'),
 (1330,'Super brune',48,51,'1.17','1990-11-11'),
 (1331,'Super des Fagnes (=Moine (triple))',17,15,'8.00','1990-12-12'),
 (1333,'Super Houblo (=Bonne Esperance (Abbaye de))',64,15,'8.00','1991-02-14'),
 (1334,'Super pils',107,42,'5.00','1991-03-15'),
 (1335,'Supra pils (=Safir)',6,42,'5.00','1991-04-16'),
 (1336,'Taupe (Biere de la) (=Mengsel La Folie/Saison de Pipaix)',117,15,'7.50','1991-05-17'),
 (1337,'Taverne \'t Brughuis - Muizen (=St. Sebastiaan grand cru)',105,15,'7.60','1991-06-18'),
 (1338,'Taverne Old Time - Veltem (=St. Sebastiaan grand cru)',105,15,'7.60','1991-07-19'),
 (1339,'Tea beer',67,31,'3.00','1991-08-20'),
 (1340,'Ter Dolen',34,33,'6.00','1991-09-21'),
 (1341,'Ter Dolen winterbier',34,14,'8.00','1991-10-22'),
 (1343,'Teugelbier',107,18,'5.50','1991-12-24'),
 (1345,'Thimougienne',15,15,'8.00','1992-02-26'),
 (1346,'Thouroutenaere (=Hapkin)',68,15,'8.50','1992-03-27'),
 (1348,'Tielts Tanneke (=Brunehaut villages blond)',21,18,'6.50','1992-05-29'),
 (1349,'Tilffoise',76,6,'7.00','1992-06-30'),
 (1350,'Timmermans blanche-wit lambic',108,31,'3.50','1990-01-01'),
 (1351,'Timmermans cassis lambic',108,31,'4.00','1990-02-02'),
 (1352,'Timmermans faro lambic',108,19,'3.50','1990-03-03'),
 (1353,'Timmermans framboise lambic',108,31,'4.00','1990-04-04'),
 (1354,'Timmermans gueuze caveau',108,22,'5.50','1990-05-05'),
 (1355,'Timmermans gueuze lambic',108,22,'5.00','1990-06-06'),
 (1356,'Timmermans kriek lambic',108,31,'4.50','1990-07-07'),
 (1357,'Timmermans lambic',108,56,'4.50','1990-08-08'),
 (1358,'Timmermans Lambicus',108,31,'4.00','1990-09-09'),
 (1359,'Timmermans peche lambic',108,31,'4.00','1990-10-10'),
 (1365,'Toine  (=St. Benoit blonde)',17,18,'6.50','1991-04-16'),
 (1366,'Toison d\'or (triple)',4,59,'7.30','1991-05-17'),
 (1367,'Tongerlo christmas',51,14,'6.00','1991-06-18'),
 (1369,'Tongerlo dubbel',51,14,'7.00','1991-08-20'),
 (1370,'Tongerlo dubbel blond',14,33,'6.00','1991-09-21');
INSERT INTO `bieren` (`id`,`naam`,`brouwerid`,`soortid`,`alcohol`,`verkochtsinds`) VALUES 
 (1371,'Tongerlo tripel',51,59,'8.65','1991-10-22'),
 (1372,'Tonneke',28,6,'5.00','1991-11-23'),
 (1373,'Topmolen - Balen (=St. Sebastiaan grand cru)',105,15,'7.60','1991-12-24'),
 (1374,'Torque de Frasnes',117,15,'7.50','1992-01-25'),
 (1377,'Tourtel malt',2,3,'0.10','1992-04-28'),
 (1379,'Tradition des Moines blonde (=St. Benoit blonde)',17,33,'6.50','1992-06-30'),
 (1380,'Tradition des Moines brune (=St. Benoit brune)',17,14,'6.50','1990-01-01'),
 (1381,'Trammelantbier',107,15,'7.00','1990-02-02'),
 (1383,'Tremeloos Damiaanbier',14,18,'6.50','1990-04-04'),
 (1384,'Trial',69,51,'3.70','1990-05-05'),
 (1385,'Tricentenaire  (=St. Benoit blonde)',17,18,'6.50','1990-06-06'),
 (1388,'Triplor (family\'s beer)',93,51,'3.50','1990-09-09'),
 (1389,'Troetsel-Niel pils (De)',65,42,'5.00','1990-10-10'),
 (1390,'Troublette',23,53,'5.00','1990-11-11'),
 (1391,'Tuborg',6,42,'5.80','1990-12-12'),
 (1392,'Tull bier',103,18,'5.20','1991-01-13'),
 (1393,'Turf (Nen) (=Augustijn)',14,15,'8.00','1991-02-14'),
 (1394,'TV bier',125,51,'3.00','1991-03-15'),
 (1396,'Ulricher lager',49,42,'5.00','1991-05-17'),
 (1397,'Unic-bier',48,51,'3.17','1991-06-18'),
 (1400,'Upper 19',125,15,'7.50','1991-09-21'),
 (1401,'Vaartlander 25cl & vat',122,15,'7.50','1991-10-22'),
 (1402,'Vaartlander 75cl',122,21,'9.00','1991-11-23'),
 (1403,'Vache (Biere) (=Mengsel La Folie/Saison de Pipaix)',117,15,'7.50','1991-12-24'),
 (1404,'Val d\'Heure blonde 25 cl (=Regal (Saison))',17,18,'6.00','1992-01-25'),
 (1405,'Val d\'Heure blonde 75cl (=Moine (triple))',17,15,'8.00','1992-02-26'),
 (1406,'Val d\'Heure brune 25cl (=St. Benoit brune)',17,14,'6.50','1992-03-27'),
 (1407,'Val d\'Heure brune 75cl (=St. Benoit brune (brassin special))',17,36,'8.50','1992-04-28'),
 (1409,'Val St. Lambert (Abbaye de) (=Moine (triple))',17,15,'8.00','1992-06-30'),
 (1410,'Val-Dieu (Triple de) (=Brigand)',114,59,'9.00','1990-01-01'),
 (1413,'Vander Linden faro',115,54,'4.00','1990-04-04'),
 (1414,'Vander Linden frambozenbier',115,55,'7.00','1990-05-05'),
 (1415,'Vander Linden lambik',115,56,'6.00','1990-06-06'),
 (1419,'Vapeur legere',117,8,'4.50','1990-10-10'),
 (1420,'Vapeur rousse',117,14,'8.00','1990-11-11'),
 (1421,'Vedett (=Bel pils)',74,42,'5.30','1990-12-12'),
 (1422,'Vega pils',58,42,'5.00','1991-01-13'),
 (1423,'Veltems kruikje (\'t) grand cru (=St. Sebastiaan grand cru)',105,15,'7.60','1991-02-14'),
 (1425,'Vera dubbel blond',118,51,'2.00','1991-04-16'),
 (1426,'Vera export',118,42,'4.30','1991-05-17'),
 (1427,'Vera ouden bruinen',118,51,'2.00','1991-06-18'),
 (1428,'Vera pils',118,42,'4.70','1991-07-19'),
 (1429,'Vera special',118,51,'2.00','1991-08-20'),
 (1430,'Verabrau urtyp',118,13,'4.70','1991-09-21'),
 (1432,'Verhaeghe echte kriek',118,18,'5.80','1991-11-23'),
 (1433,'Verhaeghe triple blond',118,51,'3.50','1991-12-24'),
 (1434,'Verlinden extra bruin',56,51,NULL,'1992-01-25'),
 (1435,'Verlinden special blond',56,51,'1.50','1992-02-26'),
 (1436,'Verne en folie  (=Vapeur en folie )',117,15,'8.00','1992-03-27'),
 (1437,'Verne rousse  (=Vapeur rousse )',117,15,'8.00','1992-04-28'),
 (1438,'Verrebroekse Flip (=Augustijn)',14,15,'8.00','1992-05-29'),
 (1439,'Verte (tripel)',107,59,NULL,'1992-06-30'),
 (1440,'Very Diest',51,51,'1.00','1990-01-01'),
 (1441,'Vezonnoise  (=Mengsel La Folie/Saison de Pipaix)',117,15,'7.50','1990-02-02'),
 (1442,'Vi Keute di Nameur blonde (=Floreffe blonde)',64,33,'7.00','1990-03-03'),
 (1443,'Vi Keute di Nameur brune (=St. Benoit brune (brassin special))',17,36,'8.50','1990-04-04'),
 (1444,'Vichtenaar',118,62,'4.90','1990-05-05'),
 (1446,'Vieille Bon-Secours blonde',24,15,'7.50','1990-07-07'),
 (1448,'Vieille des Estinnes',37,15,'7.50','1990-09-09'),
 (1449,'Vieille Salme',1,15,'8.50','1990-10-10'),
 (1450,'Vieillotte du Hurlevent  (=Moinette blonde)',37,15,'8.50','1990-11-11'),
 (1451,'Vieux Bruges blanche (=Vlaamsch wit)',114,53,'4.50','1990-12-12'),
 (1452,'Vieux Bruges framboise (=St. Louis framboisee)',114,22,'4.50','1991-01-13'),
 (1453,'Vieux Bruges gueuze lambic (=St. Louis gueuze lambic)',114,22,'4.50','1991-02-14'),
 (1454,'Vieux Bruges kriek lambic (=St. Louis kriek lambic)',114,22,'4.50','1991-03-15'),
 (1455,'Vieux Bruxelles gueuze lambic (=St. Louis gueuze lambic)',114,22,'4.50','1991-04-16'),
 (1456,'Vieux Bruxelles kriek lambic (=Wieze kriek lambic)',125,22,'5.00','1991-05-17'),
 (1457,'Vieux Foudre faro',115,54,'6.00','1991-06-18'),
 (1458,'Vieux Foudre gueuze',115,55,'6.00','1991-07-19'),
 (1459,'Vieux Foudre kriek',115,55,'6.00','1991-08-20'),
 (1460,'Vieux Temps',6,6,'5.50','1991-09-21'),
 (1462,'Viking (=Mengsel La Folie/Saison de Pipaix)',117,15,'7.50','1991-11-23'),
 (1463,'Vile Cinse (=St. Benoit brune)',17,18,'6.50','1991-12-24'),
 (1467,'Villers dubbel amber',120,18,'7.00','1992-04-28'),
 (1468,'Villers Saint-Ghislain blonde (Speciale)',98,15,'7.50','1992-05-29'),
 (1469,'Villers Saint-Ghislain brune (Speciale)',98,14,'8.00','1992-06-30'),
 (1470,'Villers triple',120,59,'8.50','1990-01-01'),
 (1472,'Vitus spezialbier (=Villers Saint-Ghislain brune (Speciale))',98,15,'8.00','1990-03-03'),
 (1473,'Vive vie  (=Mengsel La Folie/Saison de Pipaix)',117,15,'7.50','1990-04-04'),
 (1474,'Vlaamsch wit',114,53,'4.50','1990-05-05'),
 (1475,'Vleteren alt',30,5,'8.00','1990-06-06'),
 (1476,'Vleteren super 8',30,14,'8.00','1990-07-07'),
 (1478,'Vondel',87,36,'8.50','1990-09-09'),
 (1480,'Waas klokbier tripel',18,59,'8.00','1990-11-11'),
 (1482,'Waase witte',18,53,'5.50','1991-01-13'),
 (1484,'Walrave export (=Pick-up pils)',121,42,'4.80','1991-03-15'),
 (1485,'Walrave extra tafelbier',121,51,'2.50','1991-04-16'),
 (1488,'Wastobbeke (=Couckelaerschen Doedel)',107,18,'6.00','1991-07-19'),
 (1489,'Watermolen (Balen) (=St. Sebastiaan grand cru)',105,15,'7.60','1991-08-20'),
 (1490,'Watneys red barrel',111,4,'5.28','1991-09-21'),
 (1491,'Watneys scotch',111,46,'6.70','1991-10-22'),
 (1492,'Watou\'s wit bier',113,53,'5.00','1991-11-23'),
 (1493,'Wellington red lion (=Watneys red barrel)',111,4,'5.28','1991-12-24'),
 (1494,'Wellington scotch ale (=Watneys scotch)',111,46,'6.20','1992-01-25'),
 (1495,'Wentelkriek (=Boon kriek)',19,55,'5.00','1992-02-26'),
 (1497,'West pils (=Sas pils)',65,42,'4.70','1992-04-28'),
 (1499,'Westmalle dubbel',123,14,'7.00','1992-06-30'),
 (1500,'Westmalle tripel',123,59,'9.00','1990-01-01'),
 (1501,'Westvleteren 12',124,36,'11.00','1990-02-02'),
 (1502,'Westvleteren 4',124,8,'4.00','1990-03-03'),
 (1503,'Westvleteren 6',124,14,'6.20','1990-04-04'),
 (1504,'Westvleteren 8',124,36,'8.10','1990-05-05'),
 (1505,'Wevelgemse tripel',85,59,NULL,'1990-06-06'),
 (1507,'Whitbread extra stout',6,49,'4.50','1990-08-08'),
 (1508,'Whitbread pale ale',6,4,'5.70','1990-09-09'),
 (1509,'Wiel\'s (=Safir)',6,42,'5.00','1990-10-10'),
 (1510,'Wieze christmas',125,14,'7.50','1990-11-11'),
 (1511,'Wieze export (=Wieze pils)',125,42,'5.00','1990-12-12'),
 (1512,'Wieze kriek lambic',125,60,'4.80','1991-01-13'),
 (1513,'Wieze pils',125,42,'5.00','1991-02-14'),
 (1514,'Wieze scotch 1866',125,46,'7.00','1991-03-15'),
 (1516,'Wilson mild stout',14,49,'5.10','1991-05-17'),
 (1517,'Witkap pater dubbele pater',99,14,'7.00','1991-06-18'),
 (1518,'Witkap pater stimulo',99,33,'6.00','1991-07-19'),
 (1519,'Witkap pater tripel',99,59,'7.50','1991-08-20'),
 (1521,'Wittekop (=Dentergems witbier - Riva blanche)',87,53,'5.00','1991-10-22'),
 (1522,'Woise  (=Vapeur en folie )',117,15,'8.00','1991-11-23'),
 (1524,'Wonder premium light beer',74,34,'2.30','1992-01-25'),
 (1525,'XX Bitter',85,11,NULL,'1992-02-26'),
 (1526,'Yersekes mosselbier',14,18,'5.00','1992-03-27'),
 (1527,'Yperman',65,18,'6.00','1992-04-28'),
 (1528,'Yves pils (=Super pils)',107,42,'5.00','1992-05-29'),
 (1529,'Zaal Kapelhof - Rillaar (=St. Sebastiaan grand cru)',105,15,'7.60','1992-06-30'),
 (1530,'Zafke (Blanche du) (=Student)',64,53,'4.50','1990-01-01'),
 (1531,'Zandberg brau',118,13,'4.30','1990-02-02'),
 (1532,'Zatte Bie (De)',12,36,'9.50','1990-03-03'),
 (1533,'Zedelgemse Martelaar (=Dikke Mathile)',107,18,'6.00','1990-04-04'),
 (1534,'Zelfde (\'t)',20,18,'6.10','1990-05-05'),
 (1535,'Zerewever (=Gapers bier)',118,18,'7.00','1990-06-06'),
 (1537,'Zotskap (=Pater Lieven)',112,18,'5.70','1990-08-08'),
 (1538,'Zottegemse grand cru',29,15,'8.40','1990-09-09'),
 (1539,'Zulte',2,62,'4.70','1990-10-10'),
 (1540,'Zwarte Flesch (=Lamoral Degmont)',112,15,'8.00','1990-11-11'),
 (1541,'Zwijntje (=Augustijn)',14,15,'8.00','1990-12-12'),
 (1542,'Zwintje',74,6,'6.00','1991-01-13'),
 (1543,'Zwoele Berten (=Bornem dubbel)',14,14,NULL,'1991-02-14');
ALTER TABLE `bieren` ENABLE KEYS;
